,Country Name,Country Code,Indicator Name,Indicator Code,2001.00,2002.00,2003.00,2004.00,2005.00,2006.00,2007.00,2008.00,2009.00,2010.00,2011.00,2012.00,2013.00,2014.00,2015.00,2016.00,2017.00,2018.00,2019.00,2020.00,2021.00
1,Aruba,ABW,GDP growth (annual %),NY.GDP.MKTP.KD.ZG,4.20,-0.96,1.12,7.28,-0.38,1.14,3.10,1.83,-11.68,-2.73,3.37,-1.04,6.43,-0.02,3.54,2.12,5.48,5.26,0.64,-18.59,17.17
2,Africa Eastern and Southern,AFE,GDP growth (annual %),NY.GDP.MKTP.KD.ZG,3.65,3.91,3.10,5.51,6.12,6.56,6.57,4.30,0.65,5.20,3.70,0.77,4.23,4.04,2.90,2.49,2.64,2.61,2.04,-3.04,4.40
3,Afghanistan,AFG,GDP growth (annual %),NY.GDP.MKTP.KD.ZG,NA,NA,8.83,1.41,11.23,5.36,13.83,3.92,21.39,14.36,0.43,12.75,5.60,2.72,1.45,2.26,2.65,1.19,3.91,-2.35,-20.74
4,Africa Western and Central,AFW,GDP growth (annual %),NY.GDP.MKTP.KD.ZG,5.22,9.94,5.53,8.02,5.85,5.38,5.54,6.28,6.29,6.97,4.85,5.14,6.11,5.93,2.75,0.11,2.31,2.95,3.19,-0.90,3.97
5,Angola,AGO,GDP growth (annual %),NY.GDP.MKTP.KD.ZG,4.21,13.67,2.99,10.95,15.03,11.55,14.01,11.17,0.86,4.86,3.47,8.54,4.95,4.82,0.94,-2.58,-0.15,-1.32,-0.70,-5.60,1.10
6,Albania,ALB,GDP growth (annual %),NY.GDP.MKTP.KD.ZG,8.29,4.54,5.53,5.51,5.53,5.90,5.98,7.50,3.35,3.71,2.55,1.42,1.00,1.77,2.22,3.31,3.80,4.02,2.09,-3.48,8.52
7,Andorra,AND,GDP growth (annual %),NY.GDP.MKTP.KD.ZG,8.12,4.55,8.69,8.14,5.40,4.81,1.55,-5.56,-5.30,-1.97,-0.01,-4.97,-3.55,2.50,1.43,3.71,0.35,1.59,2.02,-11.18,8.95
8,Arab World,ARB,GDP growth (annual %),NY.GDP.MKTP.KD.ZG,1.70,0.68,4.88,8.87,5.52,6.09,4.57,5.56,0.39,4.75,3.25,5.15,2.59,2.94,3.29,3.52,1.06,2.38,1.25,-4.79,3.67
9,United Arab Emirates,ARE,GDP growth (annual %),NY.GDP.MKTP.KD.ZG,1.40,2.43,8.80,9.57,4.86,9.84,3.18,3.19,-5.24,1.60,6.93,4.78,5.06,4.17,6.79,5.56,0.74,1.31,1.11,-4.96,3.92
10,Argentina,ARG,GDP growth (annual %),NY.GDP.MKTP.KD.ZG,-4.41,-10.89,8.84,9.03,8.85,8.05,9.01,4.06,-5.92,10.13,6.00,-1.03,2.41,-2.51,2.73,-2.08,2.82,-2.62,-2.00,-9.94,10.40
11,Armenia,ARM,GDP growth (annual %),NY.GDP.MKTP.KD.ZG,9.60,13.20,14.00,10.50,13.90,13.20,13.70,6.90,-14.10,2.20,4.70,7.20,3.30,3.60,3.20,0.20,7.50,5.20,7.60,-7.20,5.70
12,American Samoa,ASM,GDP growth (annual %),NY.GDP.MKTP.KD.ZG,NA,NA,0.97,0.41,-0.41,-4.10,1.85,-2.66,-4.17,0.30,0.00,-4.33,-2.50,1.76,3.15,-1.68,-6.99,2.67,-0.49,5.07,-1.87
13,Antigua and Barbuda,ATG,GDP growth (annual %),NY.GDP.MKTP.KD.ZG,-4.55,1.03,6.08,5.77,6.47,12.71,9.32,-0.01,-11.96,-7.84,-1.96,3.37,-0.60,3.80,3.83,5.50,3.14,6.88,4.86,-20.19,5.27
14,Australia,AUS,GDP growth (annual %),NY.GDP.MKTP.KD.ZG,2.04,3.99,3.11,4.22,3.15,2.74,3.78,3.57,1.87,2.21,2.39,3.90,2.58,2.58,2.15,2.73,2.28,2.88,2.17,-0.05,2.24
15,Austria,AUT,GDP growth (annual %),NY.GDP.MKTP.KD.ZG,1.27,1.65,0.94,2.74,2.24,3.45,3.73,1.46,-3.76,1.84,2.92,0.68,0.03,0.66,1.01,1.99,2.26,2.43,1.52,-6.45,4.56
16,Azerbaijan,AZE,GDP growth (annual %),NY.GDP.MKTP.KD.ZG,9.90,9.44,10.21,9.25,27.96,34.50,25.00,10.76,9.30,5.05,0.10,2.17,5.81,2.75,1.09,-3.10,0.20,1.50,2.50,-4.30,5.60
17,Burundi,BDI,GDP growth (annual %),NY.GDP.MKTP.KD.ZG,2.06,4.45,-1.22,4.83,0.90,5.41,3.45,4.86,3.81,5.12,4.03,4.45,4.92,4.24,-3.90,-0.60,0.50,1.61,1.81,0.33,1.80
18,Belgium,BEL,GDP growth (annual %),NY.GDP.MKTP.KD.ZG,1.10,1.71,1.04,3.57,2.32,2.55,3.68,0.45,-2.02,2.86,1.69,0.74,0.46,1.58,2.04,1.27,1.62,1.79,2.24,-5.36,6.13
19,Benin,BEN,GDP growth (annual %),NY.GDP.MKTP.KD.ZG,5.33,4.64,3.44,4.43,1.71,3.94,5.99,4.90,2.32,2.11,2.96,4.81,7.19,6.36,1.78,3.34,5.67,6.70,6.87,3.85,7.16
20,Burkina Faso,BFA,GDP growth (annual %),NY.GDP.MKTP.KD.ZG,6.61,4.35,7.80,4.48,8.66,6.25,4.11,5.80,2.96,8.45,6.62,6.45,5.79,4.33,3.92,5.96,6.20,6.60,5.69,1.93,6.91
21,Bangladesh,BGD,GDP growth (annual %),NY.GDP.MKTP.KD.ZG,5.08,3.83,4.74,5.24,6.54,6.67,7.06,6.01,5.05,5.57,6.46,6.52,6.01,6.06,6.55,7.11,6.59,7.32,7.88,3.45,6.94
22,Bulgaria,BGR,GDP growth (annual %),NY.GDP.MKTP.KD.ZG,3.82,5.87,5.24,6.51,7.06,6.80,6.65,6.13,-3.35,1.54,2.10,0.75,-0.56,0.97,3.43,3.04,2.76,2.68,4.04,-3.96,7.63
23,Bahrain,BHR,GDP growth (annual %),NY.GDP.MKTP.KD.ZG,2.49,3.35,6.30,6.98,6.77,6.47,8.29,6.25,2.54,4.33,1.98,3.73,5.42,4.35,2.49,3.56,4.29,2.11,2.17,-4.94,2.23
24,"Bahamas, The",BHS,GDP growth (annual %),NY.GDP.MKTP.KD.ZG,2.63,2.70,-1.26,0.88,3.40,2.52,1.45,-2.32,-4.18,1.54,0.61,3.09,-2.86,1.85,1.00,-0.86,3.05,1.83,1.90,-23.82,13.72
25,Bosnia and Herzegovina,BIH,GDP growth (annual %),NY.GDP.MKTP.KD.ZG,2.42,5.03,3.87,6.33,3.90,5.41,5.86,5.44,-3.00,0.87,0.96,-0.82,2.35,1.15,3.09,3.15,3.17,3.74,2.83,-3.12,7.55
26,Belarus,BLR,GDP growth (annual %),NY.GDP.MKTP.KD.ZG,4.73,5.05,7.04,11.45,9.40,10.00,8.60,10.20,0.20,7.80,5.38,1.69,1.00,1.73,-3.83,-2.53,2.53,3.15,1.40,-0.70,2.30
27,Belize,BLZ,GDP growth (annual %),NY.GDP.MKTP.KD.ZG,5.04,5.11,9.33,4.63,2.20,4.59,3.27,-1.52,-0.45,1.26,-0.11,3.86,4.53,4.09,3.37,0.11,-1.69,1.10,4.50,-13.40,15.23
28,Bermuda,BMU,GDP growth (annual %),NY.GDP.MKTP.KD.ZG,7.22,-1.48,3.41,2.32,1.67,5.54,3.35,-1.87,-5.63,-2.50,-3.74,-5.31,-0.28,-3.70,0.78,-0.66,3.61,-0.43,0.31,-6.84,5.41
29,Bolivia,BOL,GDP growth (annual %),NY.GDP.MKTP.KD.ZG,1.68,2.49,2.71,4.17,4.42,4.80,4.56,6.15,3.36,4.13,5.20,5.12,6.80,5.46,4.86,4.26,4.20,4.22,2.22,-8.74,6.11
30,Brazil,BRA,GDP growth (annual %),NY.GDP.MKTP.KD.ZG,1.39,3.05,1.14,5.76,3.20,3.96,6.07,5.09,-0.13,7.53,3.97,1.92,3.00,0.50,-3.55,-3.28,1.32,1.78,1.22,-3.88,4.62
31,Barbados,BRB,GDP growth (annual %),NY.GDP.MKTP.KD.ZG,-2.37,0.79,2.18,1.41,3.96,6.11,2.08,0.64,-5.02,-2.37,-0.69,-0.43,-1.45,-0.09,2.47,2.53,0.46,-1.03,-0.13,-13.31,-0.19
32,Brunei Darussalam,BRN,GDP growth (annual %),NY.GDP.MKTP.KD.ZG,2.74,3.87,2.90,0.50,0.39,4.40,0.15,-1.94,-1.76,2.60,3.75,0.91,-2.13,-2.51,-0.39,-2.48,1.33,0.05,3.87,1.13,-1.59
33,Bhutan,BTN,GDP growth (annual %),NY.GDP.MKTP.KD.ZG,8.35,10.99,7.82,6.01,7.29,7.00,18.36,4.80,6.75,11.95,7.98,5.12,2.12,5.78,6.64,8.13,4.65,3.06,5.76,-10.01,4.09
34,Botswana,BWA,GDP growth (annual %),NY.GDP.MKTP.KD.ZG,0.25,6.07,4.63,2.71,4.56,8.36,5.79,3.25,-14.14,10.12,6.84,-0.17,11.10,5.70,-4.85,7.20,4.11,4.19,3.03,-8.73,11.37
35,Central African Republic,CAF,GDP growth (annual %),NY.GDP.MKTP.KD.ZG,4.46,3.62,-5.40,5.99,0.91,4.77,4.61,2.05,8.59,4.63,4.19,5.05,-36.39,0.08,4.34,4.75,4.53,3.79,3.10,0.90,0.90
36,Canada,CAN,GDP growth (annual %),NY.GDP.MKTP.KD.ZG,1.79,3.02,1.80,3.09,3.20,2.63,2.07,1.01,-2.93,3.09,3.15,1.76,2.33,2.87,0.66,1.00,3.04,2.78,1.88,-5.23,4.54
37,Central Europe and the Baltics,CEB,GDP growth (annual %),NY.GDP.MKTP.KD.ZG,3.08,3.61,4.08,5.84,5.02,6.59,6.43,3.94,-3.50,1.44,3.52,0.83,0.66,3.22,4.03,2.75,5.10,4.94,3.94,-3.39,6.15
38,Switzerland,CHE,GDP growth (annual %),NY.GDP.MKTP.KD.ZG,1.58,-0.07,-0.03,2.70,2.75,4.07,3.92,2.81,-2.30,3.24,1.81,1.18,1.79,2.35,1.64,2.07,1.36,2.86,1.14,-2.38,4.22
39,Channel Islands,CHI,GDP growth (annual %),NY.GDP.MKTP.KD.ZG,-1.51,-1.63,-3.20,0.22,1.38,4.88,5.90,NA,NA,NA,NA,NA,NA,NA,NA,NA,NA,NA,NA,NA,NA
40,Chile,CHL,GDP growth (annual %),NY.GDP.MKTP.KD.ZG,3.15,3.20,4.72,6.67,5.84,6.05,5.17,3.79,-1.12,5.85,6.22,6.16,3.31,1.79,2.15,1.75,1.36,3.99,0.77,-5.98,11.67
41,China,CHN,GDP growth (annual %),NY.GDP.MKTP.KD.ZG,8.34,9.13,10.04,10.11,11.39,12.72,14.23,9.65,9.40,10.64,9.55,7.86,7.77,7.43,7.04,6.85,6.95,6.75,5.95,2.24,8.11
42,Cote d'Ivoire,CIV,GDP growth (annual %),NY.GDP.MKTP.KD.ZG,-2.15,-2.73,-4.73,3.19,1.00,2.82,1.10,4.78,3.60,6.85,-5.37,7.62,10.76,9.37,7.19,7.18,7.36,6.89,6.23,1.98,7.04
43,Cameroon,CMR,GDP growth (annual %),NY.GDP.MKTP.KD.ZG,4.32,4.48,5.45,7.05,2.23,3.81,4.33,2.85,2.58,2.90,3.38,4.63,5.00,5.72,5.67,4.54,3.54,3.96,3.48,0.26,3.65
44,"Congo, Dem. Rep.",COD,GDP growth (annual %),NY.GDP.MKTP.KD.ZG,-2.10,2.95,5.58,6.74,6.14,5.32,6.26,6.23,2.86,7.11,6.87,7.09,8.48,9.47,6.92,2.40,3.73,5.82,4.38,1.74,6.20
45,"Congo, Rep.",COG,GDP growth (annual %),NY.GDP.MKTP.KD.ZG,3.80,4.58,0.81,3.48,7.76,7.99,-6.61,6.31,11.64,9.93,2.21,9.95,-0.71,6.72,-3.55,-10.78,-4.38,-4.81,-0.09,-6.24,-2.20
46,Colombia,COL,GDP growth (annual %),NY.GDP.MKTP.KD.ZG,1.68,2.50,3.92,5.33,4.83,6.72,6.74,3.28,1.14,4.49,6.95,3.91,5.13,4.50,2.96,2.09,1.36,2.56,3.19,-7.05,10.68
47,Comoros,COM,GDP growth (annual %),NY.GDP.MKTP.KD.ZG,2.33,2.32,2.10,1.92,2.84,2.65,0.80,3.96,3.24,3.78,4.14,3.17,4.47,2.11,1.15,3.32,3.82,3.64,1.76,-0.20,2.11
48,Cabo Verde,CPV,GDP growth (annual %),NY.GDP.MKTP.KD.ZG,2.23,5.25,4.18,10.20,6.91,7.98,15.17,6.65,-1.27,1.47,3.97,1.08,0.80,0.61,1.01,4.71,3.70,4.53,5.67,-14.78,6.95
49,Costa Rica,CRI,GDP growth (annual %),NY.GDP.MKTP.KD.ZG,3.49,3.42,4.32,4.42,3.98,7.33,8.22,4.74,-0.87,5.36,4.40,4.88,2.49,3.54,3.65,4.20,4.16,2.62,2.42,-4.05,7.58
50,Caribbean small states,CSS,GDP growth (annual %),NY.GDP.MKTP.KD.ZG,2.04,3.58,5.59,3.93,3.61,6.77,3.36,1.19,-3.54,1.32,1.08,3.18,1.42,2.14,0.23,-1.88,-0.43,1.33,1.27,-9.43,5.35
51,Cuba,CUB,GDP growth (annual %),NY.GDP.MKTP.KD.ZG,3.19,1.42,3.79,5.77,11.20,12.07,7.26,4.12,1.45,2.39,2.80,3.01,2.75,1.05,4.44,0.51,1.81,2.25,-0.16,-10.95,1.25
52,Curacao,CUW,GDP growth (annual %),NY.GDP.MKTP.KD.ZG,-0.70,0.40,0.29,0.21,0.68,1.64,2.47,2.19,-0.53,0.08,0.61,-0.07,-0.81,-1.20,0.29,-0.87,-1.73,-2.17,-3.37,-18.44,4.23
53,Cayman Islands,CYM,GDP growth (annual %),NY.GDP.MKTP.KD.ZG,NA,NA,NA,NA,NA,NA,3.16,-0.36,-7.20,-2.72,1.17,1.23,1.28,2.65,2.83,3.24,3.18,4.27,3.87,-5.68,1.84
54,Cyprus,CYP,GDP growth (annual %),NY.GDP.MKTP.KD.ZG,3.95,3.72,2.62,5.03,4.85,4.71,5.10,3.65,-2.02,2.28,0.42,-3.45,-6.59,-1.78,3.42,6.57,5.73,5.65,5.53,-4.37,6.64
55,Czechia,CZE,GDP growth (annual %),NY.GDP.MKTP.KD.ZG,3.04,1.57,3.58,4.81,6.60,6.77,5.57,2.69,-4.66,2.43,1.76,-0.79,-0.05,2.26,5.39,2.54,5.17,3.22,3.03,-5.50,3.54
56,Germany,DEU,GDP growth (annual %),NY.GDP.MKTP.KD.ZG,1.68,-0.20,-0.70,1.18,0.73,3.82,2.98,0.96,-5.69,4.18,3.93,0.42,0.44,2.21,1.49,2.23,2.68,0.98,1.06,-3.70,2.63
57,Djibouti,DJI,GDP growth (annual %),NY.GDP.MKTP.KD.ZG,NA,NA,NA,NA,NA,NA,NA,NA,NA,NA,NA,NA,NA,7.06,7.53,7.12,5.46,4.77,5.55,1.20,4.81
58,Dominica,DMA,GDP growth (annual %),NY.GDP.MKTP.KD.ZG,-0.06,-2.83,6.35,3.05,0.66,4.66,6.35,7.12,-1.17,0.67,-0.22,-1.06,-1.00,4.75,-2.73,2.76,-6.62,3.55,5.50,-16.60,6.68
59,Denmark,DNK,GDP growth (annual %),NY.GDP.MKTP.KD.ZG,0.82,0.47,0.39,2.67,2.34,3.91,0.91,-0.51,-4.91,1.87,1.34,0.23,0.93,1.62,2.34,3.25,2.82,1.99,1.49,-1.99,4.86
60,Dominican Republic,DOM,GDP growth (annual %),NY.GDP.MKTP.KD.ZG,2.46,4.50,-1.35,2.57,9.43,9.17,7.42,3.21,0.95,8.34,3.13,2.72,4.88,7.05,6.93,6.66,4.67,6.98,5.05,-6.72,12.27
61,Algeria,DZA,GDP growth (annual %),NY.GDP.MKTP.KD.ZG,3.00,5.60,7.20,4.30,5.90,1.70,3.40,2.40,1.60,3.60,2.90,3.40,2.80,3.80,3.70,3.20,1.30,1.20,1.00,-5.10,3.50
62,East Asia & Pacific (excluding high income),EAP,GDP growth (annual %),NY.GDP.MKTP.KD.ZG,6.98,8.06,8.94,9.12,9.98,11.08,12.49,8.62,7.98,9.92,8.65,7.58,7.30,6.98,6.69,6.59,6.70,6.53,5.78,1.30,7.26
63,Early-demographic dividend,EAR,GDP growth (annual %),NY.GDP.MKTP.KD.ZG,1.05,1.82,5.43,6.24,5.91,5.98,5.78,3.49,0.81,6.55,4.91,4.23,4.14,4.17,4.47,4.50,4.54,3.80,2.33,-4.27,6.81
64,East Asia & Pacific,EAS,GDP growth (annual %),NY.GDP.MKTP.KD.ZG,3.30,4.38,4.95,5.87,5.90,6.45,7.47,4.39,2.56,7.61,5.47,5.18,5.24,4.76,4.72,4.67,5.05,4.75,3.99,-0.17,5.81
65,Europe & Central Asia (excluding high income),ECA,GDP growth (annual %),NY.GDP.MKTP.KD.ZG,2.65,5.49,6.94,8.29,7.36,8.19,7.80,4.23,-5.73,5.64,6.29,3.98,4.05,2.05,0.91,1.58,3.93,3.15,2.23,-1.18,7.07
66,Europe & Central Asia,ECS,GDP growth (annual %),NY.GDP.MKTP.KD.ZG,2.20,1.58,1.79,3.18,2.66,3.83,3.65,1.03,-4.44,2.69,2.33,0.35,0.85,1.92,2.08,1.94,2.87,2.18,1.79,-5.60,5.86
67,Ecuador,ECU,GDP growth (annual %),NY.GDP.MKTP.KD.ZG,4.02,4.10,2.72,8.21,5.29,4.40,2.19,6.36,0.57,3.53,7.87,5.64,4.95,3.79,0.10,-1.23,2.37,1.29,0.01,-7.79,4.24
68,"Egypt, Arab Rep.",EGY,GDP growth (annual %),NY.GDP.MKTP.KD.ZG,3.54,2.39,3.19,4.09,4.47,6.84,7.09,7.16,4.67,5.15,1.76,2.23,2.19,2.92,4.37,4.35,4.18,5.31,5.56,3.57,3.33
69,Euro area,EMU,GDP growth (annual %),NY.GDP.MKTP.KD.ZG,2.20,0.94,0.68,2.29,1.68,3.23,3.00,0.42,-4.52,2.18,1.71,-0.84,-0.22,1.40,2.05,1.86,2.62,1.78,1.58,-6.14,5.33
70,Eritrea,ERI,GDP growth (annual %),NY.GDP.MKTP.KD.ZG,8.76,3.01,-2.66,1.45,2.57,-0.97,1.43,-9.78,3.88,2.19,8.68,NA,NA,NA,NA,NA,NA,NA,NA,NA,NA
71,Spain,ESP,GDP growth (annual %),NY.GDP.MKTP.KD.ZG,3.93,2.73,2.98,3.12,3.65,4.10,3.60,0.89,-3.76,0.16,-0.81,-2.96,-1.40,1.40,3.84,3.04,2.98,2.28,1.98,-11.33,5.52
72,Estonia,EST,GDP growth (annual %),NY.GDP.MKTP.KD.ZG,6.00,6.77,7.60,6.80,9.53,9.77,7.58,-5.13,-14.63,2.44,7.26,3.23,1.46,3.01,1.85,3.16,5.79,3.78,3.74,-0.55,8.01
73,Ethiopia,ETH,GDP growth (annual %),NY.GDP.MKTP.KD.ZG,8.30,1.51,-2.16,13.57,11.82,10.83,11.46,10.79,8.80,12.55,11.18,8.65,10.58,10.26,10.39,9.43,9.56,6.82,8.36,6.06,5.64
74,European Union,EUU,GDP growth (annual %),NY.GDP.MKTP.KD.ZG,2.18,1.11,0.91,2.59,1.92,3.49,3.16,0.64,-4.35,2.23,1.89,-0.70,-0.08,1.60,2.31,1.98,2.84,2.07,1.81,-5.68,5.39
75,Fragile and conflict affected situations,FCS,GDP growth (annual %),NY.GDP.MKTP.KD.ZG,4.33,4.64,1.23,11.06,5.84,5.86,6.01,5.04,2.88,6.95,0.00,4.83,3.48,2.18,0.87,2.57,2.54,2.69,2.20,-4.08,2.29
76,Finland,FIN,GDP growth (annual %),NY.GDP.MKTP.KD.ZG,2.61,1.71,2.00,3.99,2.78,4.03,5.30,0.78,-8.07,3.19,2.55,-1.40,-0.90,-0.36,0.54,2.81,3.19,1.14,1.22,-2.21,2.97
77,Fiji,FJI,GDP growth (annual %),NY.GDP.MKTP.KD.ZG,2.00,3.20,1.00,5.30,0.70,1.85,-0.85,1.03,-1.39,2.95,2.71,1.41,4.73,5.60,4.50,2.45,5.35,3.81,-0.58,-17.00,-5.11
78,France,FRA,GDP growth (annual %),NY.GDP.MKTP.KD.ZG,1.98,1.14,0.82,2.83,1.66,2.45,2.42,0.25,-2.87,1.95,2.19,0.31,0.58,0.96,1.11,1.10,2.29,1.87,1.84,-7.78,6.82
79,Faroe Islands,FRO,GDP growth (annual %),NY.GDP.MKTP.KD.ZG,NA,NA,NA,NA,NA,NA,NA,NA,NA,NA,NA,NA,NA,NA,NA,NA,NA,NA,NA,NA,NA
80,"Micronesia, Fed. Sts.",FSM,GDP growth (annual %),NY.GDP.MKTP.KD.ZG,2.17,0.55,1.57,-3.08,2.04,-0.08,-1.84,-2.41,1.09,2.26,3.19,-1.87,-3.68,-2.31,4.62,0.90,2.68,0.21,1.17,-1.77,-3.19
81,Gabon,GAB,GDP growth (annual %),NY.GDP.MKTP.KD.ZG,2.14,-0.25,2.25,0.69,2.68,-2.81,6.01,-3.31,0.13,7.09,7.09,5.25,5.64,4.31,3.88,2.09,0.47,0.84,3.92,-1.84,1.46
82,United Kingdom,GBR,GDP growth (annual %),NY.GDP.MKTP.KD.ZG,2.16,1.77,3.12,2.34,2.67,2.16,2.56,-0.15,-4.51,2.43,1.07,1.45,1.82,3.20,2.39,2.17,2.44,1.71,1.60,-11.03,7.52
83,Georgia,GEO,GDP growth (annual %),NY.GDP.MKTP.KD.ZG,4.81,5.47,11.06,5.79,9.59,9.42,12.58,2.42,-3.65,6.25,7.40,6.37,3.62,4.43,3.02,2.91,4.84,4.84,4.98,-6.76,10.47
84,Ghana,GHA,GDP growth (annual %),NY.GDP.MKTP.KD.ZG,4.00,4.50,5.20,5.60,5.90,6.40,4.35,9.15,4.84,7.90,14.05,9.29,7.31,2.86,2.12,3.37,8.13,6.20,6.51,0.51,5.36
85,Gibraltar,GIB,GDP growth (annual %),NY.GDP.MKTP.KD.ZG,NA,NA,NA,NA,NA,NA,NA,NA,NA,NA,NA,NA,NA,NA,NA,NA,NA,NA,NA,NA,NA
86,Guinea,GIN,GDP growth (annual %),NY.GDP.MKTP.KD.ZG,3.66,5.16,1.25,2.34,3.00,1.19,6.82,4.13,-1.12,4.81,5.61,5.92,3.95,3.70,3.83,10.82,10.30,6.36,5.62,4.92,3.90
87,"Gambia, The",GMB,GDP growth (annual %),NY.GDP.MKTP.KD.ZG,5.80,-3.25,6.87,7.05,-2.35,-0.56,3.04,6.26,6.67,5.91,-8.13,5.24,2.87,-1.41,4.06,1.94,4.82,7.23,6.22,0.59,4.27
88,Guinea-Bissau,GNB,GDP growth (annual %),NY.GDP.MKTP.KD.ZG,2.19,-0.99,0.57,2.76,4.27,2.31,3.26,3.20,3.37,4.61,8.08,-1.71,3.26,0.96,6.13,6.26,5.92,1.28,4.50,-2.40,3.80
89,Equatorial Guinea,GNQ,GDP growth (annual %),NY.GDP.MKTP.KD.ZG,63.38,19.46,13.96,38.00,16.75,7.70,15.28,17.80,1.34,-8.92,6.52,8.31,-4.13,0.42,-9.11,-8.82,-5.67,-6.24,-5.48,-4.24,-0.95
90,Greece,GRC,GDP growth (annual %),NY.GDP.MKTP.KD.ZG,4.13,3.92,5.79,5.06,0.60,5.65,3.27,-0.34,-4.30,-5.48,-10.15,-7.09,-2.52,0.48,-0.20,-0.49,1.09,1.67,1.88,-9.00,8.43
91,Grenada,GRD,GDP growth (annual %),NY.GDP.MKTP.KD.ZG,-2.02,3.44,9.46,-0.65,13.28,-4.00,6.12,0.95,-6.61,-0.51,0.76,-1.16,2.35,7.34,6.44,3.74,4.44,4.36,0.68,-13.76,4.69
92,Greenland,GRL,GDP growth (annual %),NY.GDP.MKTP.KD.ZG,1.27,-0.97,4.43,6.91,4.99,5.56,2.35,6.17,0.87,1.74,-0.50,1.39,-1.30,4.74,-2.53,4.68,0.05,0.62,2.27,0.36,NA
93,Guatemala,GTM,GDP growth (annual %),NY.GDP.MKTP.KD.ZG,2.33,3.84,2.56,3.14,3.28,5.35,6.34,3.29,0.48,2.88,4.16,2.97,3.69,4.44,4.09,2.68,3.08,3.41,4.00,-1.76,7.98
94,Guam,GUM,GDP growth (annual %),NY.GDP.MKTP.KD.ZG,NA,NA,0.88,6.49,3.64,-3.65,0.72,2.03,0.44,2.26,0.08,2.13,1.69,1.79,0.83,0.18,0.89,-0.79,2.60,-11.39,1.06
95,Guyana,GUY,GDP growth (annual %),NY.GDP.MKTP.KD.ZG,2.28,1.13,-0.63,1.56,-1.95,5.13,7.19,1.76,3.61,4.14,5.20,5.28,3.65,1.69,0.69,3.81,3.73,4.44,5.35,43.48,20.06
96,High income,HIC,GDP growth (annual %),NY.GDP.MKTP.KD.ZG,1.48,1.55,2.19,3.42,2.88,3.07,2.70,0.55,-3.25,3.02,1.93,1.41,1.49,2.09,2.37,1.83,2.38,2.35,1.76,-4.27,5.24
97,"Hong Kong SAR, China",HKG,GDP growth (annual %),NY.GDP.MKTP.KD.ZG,0.56,1.66,3.06,8.70,7.39,7.03,6.46,2.13,-2.46,6.77,4.81,1.70,3.10,2.76,2.39,2.18,3.80,2.85,-1.68,-6.55,6.34
98,Honduras,HND,GDP growth (annual %),NY.GDP.MKTP.KD.ZG,2.72,3.75,4.55,6.23,6.05,6.57,6.19,4.23,-2.43,3.73,3.84,4.13,2.79,3.06,3.84,3.89,4.84,3.84,2.65,-8.96,12.53
99,Heavily indebted poor countries (HIPC),HPC,GDP growth (annual %),NY.GDP.MKTP.KD.ZG,4.08,3.53,4.02,5.62,5.61,5.91,5.48,5.50,3.23,5.93,3.91,2.52,5.56,5.83,4.54,4.50,4.79,4.08,4.10,0.19,3.87
100,Croatia,HRV,GDP growth (annual %),NY.GDP.MKTP.KD.ZG,3.07,5.76,5.56,4.15,4.26,4.89,5.00,2.00,-7.19,-1.22,-0.09,-2.33,-0.40,-0.43,2.52,3.56,3.41,2.80,3.42,-8.58,13.07
101,Haiti,HTI,GDP growth (annual %),NY.GDP.MKTP.KD.ZG,-0.34,1.05,3.48,-1.32,3.07,1.77,4.71,2.66,5.89,-5.65,5.10,0.50,4.32,1.72,2.56,1.81,2.51,1.67,-1.68,-3.34,-1.80
102,Hungary,HUN,GDP growth (annual %),NY.GDP.MKTP.KD.ZG,4.07,4.74,4.07,5.00,4.29,3.95,0.28,1.00,-6.60,1.08,1.87,-1.25,1.80,4.23,3.71,2.20,4.27,5.36,4.86,-4.55,7.12
103,IBRD only,IBD,GDP growth (annual %),NY.GDP.MKTP.KD.ZG,3.63,4.61,6.00,7.69,7.23,8.28,9.00,5.94,2.89,7.83,6.41,5.48,5.25,4.88,4.44,4.60,5.25,4.94,3.96,-1.40,7.16
104,IDA & IBRD total,IBT,GDP growth (annual %),NY.GDP.MKTP.KD.ZG,3.70,4.68,5.91,7.61,7.13,8.10,8.76,5.87,3.04,7.70,6.22,5.27,5.25,4.93,4.35,4.50,5.15,4.90,3.97,-1.32,6.94
105,IDA total,IDA,GDP growth (annual %),NY.GDP.MKTP.KD.ZG,4.43,5.43,4.93,6.66,6.07,6.03,6.00,4.99,4.90,6.20,3.93,2.77,5.28,5.56,3.25,3.25,3.83,4.38,4.06,-0.16,4.06
106,IDA blend,IDB,GDP growth (annual %),NY.GDP.MKTP.KD.ZG,4.37,7.11,5.11,7.52,5.96,5.80,5.79,4.12,5.91,6.15,4.70,4.56,5.57,5.83,3.82,1.67,2.52,3.72,2.74,-1.39,5.07
107,Indonesia,IDN,GDP growth (annual %),NY.GDP.MKTP.KD.ZG,3.64,4.50,4.78,5.03,5.69,5.50,6.35,6.01,4.63,6.22,6.17,6.03,5.56,5.01,4.88,5.03,5.07,5.17,5.02,-2.07,3.69
108,IDA only,IDX,GDP growth (annual %),NY.GDP.MKTP.KD.ZG,4.49,3.87,4.76,5.85,6.17,6.25,6.20,5.82,3.98,6.24,3.22,1.10,5.01,5.30,2.70,4.83,5.09,5.00,5.33,1.00,3.13
109,Isle of Man,IMN,GDP growth (annual %),NY.GDP.MKTP.KD.ZG,5.40,6.20,6.00,5.20,5.90,7.70,7.50,4.90,2.10,3.40,2.00,7.30,4.14,5.16,-0.39,6.95,4.69,2.21,0.25,NA,NA
110,India,IND,GDP growth (annual %),NY.GDP.MKTP.KD.ZG,4.82,3.80,7.86,7.92,7.92,8.06,7.66,3.09,7.86,8.50,5.24,5.46,6.39,7.41,8.00,8.26,6.80,6.45,3.74,-6.60,8.68
111,Not classified,INX,GDP growth (annual %),NY.GDP.MKTP.KD.ZG,NA,NA,NA,NA,NA,NA,NA,NA,NA,NA,NA,NA,NA,NA,NA,NA,NA,NA,NA,NA,NA
112,Ireland,IRL,GDP growth (annual %),NY.GDP.MKTP.KD.ZG,5.31,5.90,3.01,6.79,5.74,4.99,5.31,-4.48,-5.10,1.68,0.83,-0.01,1.13,8.65,24.37,2.01,9.01,8.53,5.44,6.18,13.59
113,"Iran, Islamic Rep.",IRN,GDP growth (annual %),NY.GDP.MKTP.KD.ZG,2.39,8.08,8.64,4.34,3.19,5.00,8.16,0.25,1.01,5.80,2.65,-3.75,-1.52,4.98,-1.42,8.82,2.76,-2.25,-2.66,3.33,4.72
114,Iraq,IRQ,GDP growth (annual %),NY.GDP.MKTP.KD.ZG,1.76,-8.20,-36.66,53.38,1.67,5.65,1.89,8.23,3.38,6.40,7.55,13.94,7.63,0.20,4.72,13.79,-1.82,2.63,5.51,-11.32,2.78
115,Iceland,ISL,GDP growth (annual %),NY.GDP.MKTP.KD.ZG,4.01,0.56,2.14,7.80,6.12,6.32,8.45,2.21,-7.66,-2.83,1.85,1.06,4.55,1.69,4.44,6.30,4.19,4.89,2.42,-6.84,4.40
116,Israel,ISR,GDP growth (annual %),NY.GDP.MKTP.KD.ZG,0.33,-0.11,1.39,4.78,4.13,5.58,6.03,3.25,0.88,5.67,5.56,2.59,4.42,3.92,2.49,4.52,4.28,4.07,4.16,-1.86,8.61
117,Italy,ITA,GDP growth (annual %),NY.GDP.MKTP.KD.ZG,1.95,0.25,0.14,1.42,0.82,1.79,1.49,-0.96,-5.28,1.71,0.71,-2.98,-1.84,0.00,0.78,1.29,1.67,0.93,0.48,-9.04,6.74
118,Jamaica,JAM,GDP growth (annual %),NY.GDP.MKTP.KD.ZG,1.34,2.00,3.67,1.32,0.89,2.90,1.43,-0.81,-4.35,-1.46,1.73,-0.61,0.52,0.69,0.92,1.38,1.00,1.89,0.89,-10.00,4.60
119,Jordan,JOR,GDP growth (annual %),NY.GDP.MKTP.KD.ZG,5.27,5.78,4.16,8.57,8.15,8.09,8.18,7.22,5.02,2.31,2.74,2.43,2.61,3.38,2.50,1.99,2.47,1.92,1.93,-1.57,2.23
120,Japan,JPN,GDP growth (annual %),NY.GDP.MKTP.KD.ZG,0.39,0.04,1.54,2.19,1.80,1.37,1.48,-1.22,-5.69,4.10,0.02,1.37,2.01,0.30,1.56,0.75,1.68,0.58,-0.24,-4.51,1.66
121,Kazakhstan,KAZ,GDP growth (annual %),NY.GDP.MKTP.KD.ZG,13.50,9.80,9.30,9.60,9.70,10.70,8.90,3.30,1.20,7.30,7.40,4.80,6.00,4.20,1.20,1.10,4.10,4.10,4.50,-2.50,4.30
122,Kenya,KEN,GDP growth (annual %),NY.GDP.MKTP.KD.ZG,3.78,0.55,2.93,5.10,5.91,6.47,6.85,0.23,3.31,8.06,5.12,4.57,3.80,5.02,4.97,4.21,3.84,5.65,5.11,-0.25,7.52
123,Kyrgyz Republic,KGZ,GDP growth (annual %),NY.GDP.MKTP.KD.ZG,5.32,-0.02,7.03,7.03,-0.18,3.10,8.54,8.40,2.89,-0.47,5.96,-0.09,10.92,4.02,3.88,4.34,4.74,3.76,4.60,-8.40,3.61
124,Cambodia,KHM,GDP growth (annual %),NY.GDP.MKTP.KD.ZG,8.15,6.58,8.51,10.34,13.25,10.77,10.21,6.69,0.09,5.96,7.07,7.31,7.36,7.14,6.97,6.93,7.00,7.47,7.05,-3.10,3.03
125,Kiribati,KIR,GDP growth (annual %),NY.GDP.MKTP.KD.ZG,-1.47,3.79,2.01,-1.63,4.95,-0.05,2.03,-2.09,0.80,-1.12,1.76,5.14,4.16,-1.10,9.87,-0.48,-0.24,5.27,-0.54,-0.55,1.50
126,St. Kitts and Nevis,KNA,GDP growth (annual %),NY.GDP.MKTP.KD.ZG,5.25,1.37,-3.93,4.00,9.73,3.15,0.60,11.18,-3.38,0.04,1.62,-0.52,5.71,7.58,0.71,3.93,0.01,2.05,4.05,-14.53,-0.88
127,"Korea, Rep.",KOR,GDP growth (annual %),NY.GDP.MKTP.KD.ZG,4.85,7.73,3.15,5.20,4.31,5.26,5.80,3.01,0.79,6.80,3.69,2.40,3.16,3.20,2.81,2.95,3.16,2.91,2.24,-0.71,4.15
128,Kuwait,KWT,GDP growth (annual %),NY.GDP.MKTP.KD.ZG,0.21,3.01,17.33,10.24,10.61,7.51,5.99,2.48,-7.08,-2.37,9.63,6.63,1.15,0.50,0.59,2.93,-4.71,2.43,-0.55,-8.86,NA
129,Latin America & Caribbean (excluding high income),LAC,GDP growth (annual %),NY.GDP.MKTP.KD.ZG,0.21,0.43,2.50,5.43,4.07,5.18,5.46,3.84,-2.08,6.72,4.49,2.38,2.87,1.36,0.42,-0.29,2.01,1.63,0.68,-6.50,6.35
130,Lao PDR,LAO,GDP growth (annual %),NY.GDP.MKTP.KD.ZG,5.75,5.92,6.07,6.36,7.11,8.62,7.60,7.82,7.50,8.53,8.04,8.03,8.03,7.61,7.27,7.02,6.89,6.25,5.46,0.50,2.53
131,Lebanon,LBN,GDP growth (annual %),NY.GDP.MKTP.KD.ZG,3.84,3.42,3.23,6.68,2.69,1.55,9.31,9.07,10.23,7.98,0.87,2.56,3.83,2.48,0.46,1.55,0.78,-1.70,-7.16,-21.40,-7.00
132,Liberia,LBR,GDP growth (annual %),NY.GDP.MKTP.KD.ZG,2.92,3.76,-30.15,2.62,5.28,8.04,9.54,7.15,5.30,6.10,8.20,7.99,8.69,0.70,-0.02,-1.55,2.46,1.16,-2.47,-2.98,4.99
133,Libya,LBY,GDP growth (annual %),NY.GDP.MKTP.KD.ZG,-1.76,-0.96,13.02,4.46,11.87,6.50,6.23,-0.16,-4.40,5.03,-50.34,86.83,-18.00,-23.04,-0.84,-1.49,32.49,7.94,-11.20,-23.93,31.37
134,St. Lucia,LCA,GDP growth (annual %),NY.GDP.MKTP.KD.ZG,-3.41,0.42,4.26,7.27,-0.41,6.20,1.69,4.95,-2.83,1.60,5.48,-0.20,-3.17,1.42,-1.36,3.75,3.39,2.88,-0.65,-24.36,12.23
135,Latin America & Caribbean,LCN,GDP growth (annual %),NY.GDP.MKTP.KD.ZG,0.49,0.53,2.55,5.59,4.01,5.06,5.29,3.73,-1.99,6.43,4.45,2.57,2.85,1.39,0.52,-0.16,1.88,1.63,0.73,-6.64,6.55
136,Least developed countries: UN classification,LDC,GDP growth (annual %),NY.GDP.MKTP.KD.ZG,5.27,5.00,5.05,6.33,7.36,6.88,7.23,6.34,3.91,6.21,3.00,2.09,5.62,5.63,2.38,4.30,4.43,4.49,4.98,0.91,2.02
137,Low income,LIC,GDP growth (annual %),NY.GDP.MKTP.KD.ZG,4.91,2.94,3.26,5.15,5.76,5.75,6.08,4.68,3.60,6.65,3.31,-1.73,5.16,5.68,4.03,4.46,4.20,3.74,3.36,0.16,2.55
138,Liechtenstein,LIE,GDP growth (annual %),NY.GDP.MKTP.KD.ZG,-0.73,-0.99,-1.94,3.04,4.83,8.64,3.33,1.80,-1.16,NA,NA,NA,NA,NA,NA,NA,NA,NA,NA,NA,NA
139,Sri Lanka,LKA,GDP growth (annual %),NY.GDP.MKTP.KD.ZG,-1.55,3.96,5.94,5.45,6.24,7.67,6.80,5.95,3.54,8.02,8.67,8.63,4.05,6.38,4.21,5.05,6.46,2.31,-0.22,-3.47,3.33
140,Lower middle income,LMC,GDP growth (annual %),NY.GDP.MKTP.KD.ZG,4.10,4.84,6.16,6.56,6.09,6.43,6.87,4.23,4.65,6.61,4.78,4.47,4.99,5.82,5.00,5.69,5.10,4.82,3.68,-3.22,5.59
141,Low & middle income,LMY,GDP growth (annual %),NY.GDP.MKTP.KD.ZG,3.77,4.76,6.02,7.67,7.28,8.19,8.86,5.89,3.21,7.93,6.26,5.36,5.39,4.99,4.39,4.57,5.17,4.89,3.99,-1.22,6.89
142,Lesotho,LSO,GDP growth (annual %),NY.GDP.MKTP.KD.ZG,3.56,0.72,4.56,1.69,3.47,4.23,4.19,5.52,-1.26,5.27,4.61,6.33,1.79,1.71,3.13,3.61,-3.14,0.07,0.93,-8.36,1.35
143,Late-demographic dividend,LTE,GDP growth (annual %),NY.GDP.MKTP.KD.ZG,5.19,5.99,6.82,8.18,7.75,9.28,10.22,6.92,3.71,8.02,7.19,5.88,5.61,5.31,4.70,4.48,5.30,5.43,4.65,0.13,7.12
144,Lithuania,LTU,GDP growth (annual %),NY.GDP.MKTP.KD.ZG,6.53,6.75,10.57,6.57,7.73,7.41,11.11,2.61,-14.84,1.65,6.04,3.84,3.55,3.54,2.02,2.52,4.28,3.99,4.63,-0.02,5.98
145,Luxembourg,LUX,GDP growth (annual %),NY.GDP.MKTP.KD.ZG,3.07,3.23,2.62,4.23,2.48,6.02,8.10,-0.30,-3.24,3.76,1.04,1.65,3.17,2.62,2.27,4.98,1.32,1.22,2.32,-0.80,5.10
146,Latvia,LVA,GDP growth (annual %),NY.GDP.MKTP.KD.ZG,6.32,7.09,8.42,8.28,10.72,11.97,9.94,-3.25,-14.26,-4.46,2.57,7.04,2.01,1.90,3.89,2.37,3.31,3.99,2.57,-2.20,4.07
147,"Macao SAR, China",MAC,GDP growth (annual %),NY.GDP.MKTP.KD.ZG,2.89,8.91,11.64,26.63,8.08,13.39,14.48,3.39,1.27,25.12,21.62,9.24,10.75,-2.05,-21.51,-0.68,9.98,6.46,-2.51,-54.24,19.27
148,St. Martin (French part),MAF,GDP growth (annual %),NY.GDP.MKTP.KD.ZG,NA,NA,NA,NA,NA,NA,NA,NA,NA,NA,NA,NA,NA,NA,NA,NA,NA,NA,NA,NA,NA
149,Morocco,MAR,GDP growth (annual %),NY.GDP.MKTP.KD.ZG,7.32,3.12,5.96,4.80,3.29,7.57,3.53,5.92,4.24,3.82,5.25,3.01,4.54,19.05,4.34,0.52,5.06,3.07,2.89,-7.19,7.93
150,Monaco,MCO,GDP growth (annual %),NY.GDP.MKTP.KD.ZG,2.19,1.03,1.09,2.47,1.90,5.80,14.43,0.67,-11.30,2.10,7.00,1.01,9.57,7.19,4.86,3.45,-3.50,5.96,6.91,-12.97,21.55
151,Moldova,MDA,GDP growth (annual %),NY.GDP.MKTP.KD.ZG,6.10,7.80,6.60,7.40,7.50,4.80,3.00,7.80,-6.00,7.10,5.82,-0.59,9.04,5.00,-0.34,4.41,4.69,4.30,3.68,-7.38,13.94
152,Madagascar,MDG,GDP growth (annual %),NY.GDP.MKTP.KD.ZG,5.98,-12.41,9.78,5.26,4.76,5.40,5.71,6.71,-3.98,0.62,1.58,3.01,2.30,3.34,3.13,3.99,3.93,3.19,4.41,-7.14,4.40
153,Maldives,MDV,GDP growth (annual %),NY.GDP.MKTP.KD.ZG,-3.94,7.27,13.75,6.03,-13.13,26.11,7.71,9.49,-7.23,7.27,8.57,2.52,7.28,7.33,2.88,6.34,7.21,8.12,7.10,-33.49,41.75
154,Middle East & North Africa,MEA,GDP growth (annual %),NY.GDP.MKTP.KD.ZG,1.49,1.48,5.05,7.87,5.02,5.82,5.22,4.59,0.64,5.03,3.59,4.33,2.22,3.26,2.62,4.29,1.63,2.05,1.12,-3.52,4.54
155,Mexico,MEX,GDP growth (annual %),NY.GDP.MKTP.KD.ZG,-0.40,-0.04,1.45,3.92,2.31,4.50,2.29,1.14,-5.29,5.12,3.66,3.64,1.35,2.85,3.29,2.63,2.11,2.19,-0.20,-7.99,4.72
156,Marshall Islands,MHL,GDP growth (annual %),NY.GDP.MKTP.KD.ZG,6.83,3.74,-1.62,1.33,1.77,0.20,3.39,-7.65,3.67,5.42,-0.31,-1.29,3.68,-1.12,2.11,2.02,3.41,4.19,10.84,-1.84,1.11
157,Middle income,MIC,GDP growth (annual %),NY.GDP.MKTP.KD.ZG,3.75,4.77,6.04,7.71,7.30,8.24,8.92,5.90,3.20,7.95,6.38,5.56,5.43,4.99,4.48,4.60,5.20,4.91,3.99,-1.24,6.96
158,North Macedonia,MKD,GDP growth (annual %),NY.GDP.MKTP.KD.ZG,-3.07,1.49,2.22,4.67,4.72,5.14,6.47,5.47,-0.36,3.36,2.34,-0.46,2.93,3.63,3.86,2.85,1.08,2.88,3.91,-6.11,3.96
159,Mali,MLI,GDP growth (annual %),NY.GDP.MKTP.KD.ZG,15.38,3.11,9.12,1.56,6.53,4.66,3.49,4.77,4.81,5.31,3.21,-0.84,2.30,7.08,6.17,5.85,5.31,4.75,4.76,-1.24,3.05
160,Malta,MLT,GDP growth (annual %),NY.GDP.MKTP.KD.ZG,-1.17,2.57,4.07,0.14,3.38,2.51,4.78,3.83,-1.13,5.54,0.47,4.12,5.47,7.63,9.61,3.38,10.93,6.17,5.92,-8.32,10.30
161,Myanmar,MMR,GDP growth (annual %),NY.GDP.MKTP.KD.ZG,12.47,11.70,12.99,13.70,13.57,13.31,12.50,11.07,10.41,10.07,7.52,6.49,7.90,8.20,3.28,10.51,5.75,6.40,6.75,3.17,-17.91
162,Middle East & North Africa (excluding high income),MNA,GDP growth (annual %),NY.GDP.MKTP.KD.ZG,2.70,3.09,2.25,7.80,4.53,5.14,6.12,3.72,2.63,5.28,-1.09,3.69,0.44,2.79,0.74,5.34,3.12,1.68,1.01,-2.80,4.69
163,Montenegro,MNE,GDP growth (annual %),NY.GDP.MKTP.KD.ZG,1.10,1.90,2.48,4.43,4.18,8.57,6.81,7.22,-5.80,2.73,3.23,-2.72,3.55,1.78,3.39,2.95,4.72,5.08,4.06,-15.31,12.43
164,Mongolia,MNG,GDP growth (annual %),NY.GDP.MKTP.KD.ZG,2.95,4.73,7.00,10.63,7.25,8.56,10.25,8.90,-1.27,6.37,17.29,12.32,11.65,7.89,2.38,1.49,5.64,7.74,5.60,-4.56,1.64
165,Northern Mariana Islands,MNP,GDP growth (annual %),NY.GDP.MKTP.KD.ZG,NA,NA,0.34,-3.08,-12.70,-6.87,-6.68,-11.07,-17.57,1.40,-7.38,0.81,2.68,4.18,3.38,29.21,23.17,-19.35,-11.14,NA,NA
166,Mozambique,MOZ,GDP growth (annual %),NY.GDP.MKTP.KD.ZG,12.09,9.29,6.88,7.92,6.65,9.69,7.73,7.32,6.32,6.50,7.42,7.26,6.96,7.40,6.72,3.82,3.74,3.44,2.31,-1.23,2.36
167,Mauritania,MRT,GDP growth (annual %),NY.GDP.MKTP.KD.ZG,-0.80,1.38,6.93,4.73,8.57,18.33,-1.97,-0.33,0.10,2.62,4.17,4.47,4.15,4.27,5.38,1.26,6.27,4.77,5.30,-0.94,2.45
168,Mauritius,MUS,GDP growth (annual %),NY.GDP.MKTP.KD.ZG,3.35,1.61,5.93,4.33,1.78,4.87,5.73,5.39,3.32,4.38,4.08,3.50,3.36,3.83,3.69,3.86,3.94,4.01,2.89,-14.60,3.70
169,Malawi,MWI,GDP growth (annual %),NY.GDP.MKTP.KD.ZG,-4.97,1.70,5.71,5.42,3.27,4.70,9.60,7.64,8.33,6.87,4.85,1.89,5.20,5.70,2.80,2.48,4.00,4.39,5.45,0.80,2.75
170,Malaysia,MYS,GDP growth (annual %),NY.GDP.MKTP.KD.ZG,0.52,5.39,5.79,6.78,5.33,5.58,6.30,4.83,-1.51,7.42,5.29,5.47,4.69,6.01,5.09,4.45,5.81,4.84,4.41,-5.53,3.09
171,North America,NAC,GDP growth (annual %),NY.GDP.MKTP.KD.ZG,1.02,1.80,2.72,3.79,3.46,2.77,2.02,0.19,-2.63,2.74,1.67,2.24,1.88,2.33,2.54,1.61,2.30,2.93,2.26,-2.96,5.84
172,Namibia,NAM,GDP growth (annual %),NY.GDP.MKTP.KD.ZG,1.18,4.79,4.24,12.27,2.53,7.07,5.37,2.65,0.30,6.04,5.09,5.06,5.61,6.09,4.26,0.03,-1.03,1.06,-0.84,-8.04,2.66
173,New Caledonia,NCL,GDP growth (annual %),NY.GDP.MKTP.KD.ZG,NA,NA,NA,NA,NA,NA,NA,NA,NA,NA,NA,NA,NA,NA,NA,NA,NA,NA,NA,NA,NA
174,Niger,NER,GDP growth (annual %),NY.GDP.MKTP.KD.ZG,7.27,4.92,2.17,0.36,7.33,5.93,3.14,7.73,1.96,8.58,2.36,10.55,5.32,6.64,4.39,5.74,5.00,7.21,5.94,3.55,1.39
175,Nigeria,NGA,GDP growth (annual %),NY.GDP.MKTP.KD.ZG,5.92,15.33,7.35,9.25,6.44,6.06,6.59,6.76,8.04,8.01,5.31,4.23,6.67,6.31,2.65,-1.62,0.81,1.92,2.21,-1.79,3.65
176,Nicaragua,NIC,GDP growth (annual %),NY.GDP.MKTP.KD.ZG,2.96,0.75,2.52,5.31,4.28,4.15,5.08,3.44,-3.29,4.41,6.32,6.50,4.93,4.79,4.79,4.56,4.63,-3.36,-3.78,-1.79,10.34
177,Netherlands,NLD,GDP growth (annual %),NY.GDP.MKTP.KD.ZG,2.33,0.22,0.16,1.98,2.05,3.46,3.77,2.17,-3.67,1.34,1.55,-1.03,-0.13,1.42,1.96,2.19,2.91,2.36,1.96,-3.89,4.86
178,Norway,NOR,GDP growth (annual %),NY.GDP.MKTP.KD.ZG,2.07,1.45,0.91,3.97,2.63,2.40,2.99,0.48,-1.73,0.70,0.98,2.70,1.03,1.97,1.97,1.07,2.32,1.12,0.75,-0.72,3.88
179,Nepal,NPL,GDP growth (annual %),NY.GDP.MKTP.KD.ZG,4.80,0.12,3.95,4.68,3.48,3.36,3.41,6.10,4.53,4.82,3.42,4.67,3.53,6.01,3.98,0.43,8.98,7.62,6.66,-2.37,4.25
180,Nauru,NRU,GDP growth (annual %),NY.GDP.MKTP.KD.ZG,NA,NA,NA,NA,-3.03,9.38,-22.86,22.22,9.09,11.11,10.00,11.36,30.61,26.56,3.70,3.57,-5.75,6.10,0.00,1.15,1.50
181,New Zealand,NZL,GDP growth (annual %),NY.GDP.MKTP.KD.ZG,3.46,4.67,4.55,4.03,3.32,2.88,3.03,-1.11,-0.14,1.52,2.25,2.25,2.70,3.82,3.74,3.77,3.58,3.36,2.19,-1.25,3.71
182,OECD members,OED,GDP growth (annual %),NY.GDP.MKTP.KD.ZG,1.39,1.55,2.04,3.27,2.82,3.00,2.60,0.40,-3.37,2.99,1.87,1.39,1.52,2.09,2.43,1.83,2.49,2.35,1.74,-4.24,5.39
183,Oman,OMN,GDP growth (annual %),NY.GDP.MKTP.KD.ZG,4.48,-1.10,-2.67,1.29,2.49,5.37,4.45,8.20,6.11,1.71,2.89,8.86,5.23,1.29,5.02,5.05,0.30,1.29,-1.13,-3.38,3.09
184,Other small states,OSS,GDP growth (annual %),NY.GDP.MKTP.KD.ZG,4.12,4.53,4.50,9.03,5.75,10.84,9.85,7.31,1.58,8.72,7.56,3.40,3.69,3.85,3.13,2.98,1.33,2.22,2.17,-4.83,3.84
185,Pakistan,PAK,GDP growth (annual %),NY.GDP.MKTP.KD.ZG,3.55,2.51,5.78,7.55,6.52,5.90,4.83,1.70,2.83,1.61,2.75,3.51,4.40,4.67,4.73,5.53,4.43,6.15,2.50,-1.27,6.49
186,Panama,PAN,GDP growth (annual %),NY.GDP.MKTP.KD.ZG,0.57,2.23,4.21,7.52,7.19,8.65,11.98,9.86,1.24,5.83,11.31,9.78,6.90,5.07,5.73,4.95,5.59,3.69,2.98,-17.94,15.34
187,Peru,PER,GDP growth (annual %),NY.GDP.MKTP.KD.ZG,0.62,5.45,4.17,4.96,6.29,7.53,8.52,9.13,1.10,8.33,6.33,6.14,5.85,2.38,3.25,3.95,2.52,3.97,2.24,-10.95,13.35
188,Philippines,PHL,GDP growth (annual %),NY.GDP.MKTP.KD.ZG,3.05,3.72,5.09,6.57,4.94,5.32,6.52,4.34,1.45,7.33,3.86,6.90,6.75,6.35,6.35,7.15,6.93,6.34,6.12,-9.52,5.70
189,Palau,PLW,GDP growth (annual %),NY.GDP.MKTP.KD.ZG,6.44,3.58,-3.26,4.86,3.96,-0.41,2.02,-5.78,-6.59,0.22,6.68,1.67,-3.39,6.29,7.54,-0.08,-4.08,0.11,0.40,-9.11,-13.33
190,Papua New Guinea,PNG,GDP growth (annual %),NY.GDP.MKTP.KD.ZG,-0.12,-0.16,2.16,2.72,6.34,5.41,7.82,-0.30,6.80,10.13,1.11,4.66,3.82,13.54,6.58,5.49,3.53,-0.28,4.48,-3.17,0.30
191,Poland,POL,GDP growth (annual %),NY.GDP.MKTP.KD.ZG,1.26,2.04,3.50,4.98,3.51,6.13,7.06,4.20,2.83,2.93,5.04,1.55,0.86,3.84,4.38,2.95,5.14,5.95,4.45,-2.02,6.85
192,Pre-demographic dividend,PRE,GDP growth (annual %),NY.GDP.MKTP.KD.ZG,4.57,5.70,-0.51,11.73,5.96,6.23,6.03,6.27,4.63,6.50,4.02,3.48,5.82,5.12,3.15,2.60,1.63,2.60,3.17,-2.51,3.17
193,Puerto Rico,PRI,GDP growth (annual %),NY.GDP.MKTP.KD.ZG,6.31,0.92,0.05,8.75,-1.99,-1.41,-1.16,-1.84,-1.95,-0.41,-0.36,0.03,-0.31,-1.19,-1.05,-1.26,-2.89,-4.36,1.68,-4.35,0.21
194,"Korea, Dem. People's Rep.",PRK,GDP growth (annual %),NY.GDP.MKTP.KD.ZG,NA,NA,NA,NA,NA,NA,NA,NA,NA,NA,NA,NA,NA,NA,NA,NA,NA,NA,NA,NA,NA
195,Portugal,PRT,GDP growth (annual %),NY.GDP.MKTP.KD.ZG,1.94,0.77,-0.93,1.79,0.78,1.63,2.51,0.32,-3.12,1.74,-1.70,-4.06,-0.92,0.79,1.79,2.02,3.51,2.85,2.68,-8.30,5.48
196,Paraguay,PRY,GDP growth (annual %),NY.GDP.MKTP.KD.ZG,-0.83,-0.02,4.32,4.06,2.13,4.81,5.42,6.50,-0.26,11.10,4.29,-0.71,8.29,5.30,2.96,4.27,4.81,3.20,-0.40,-0.82,4.10
197,West Bank and Gaza,PSE,GDP growth (annual %),NY.GDP.MKTP.KD.ZG,-9.31,-12.49,14.02,21.93,11.29,-1.00,3.79,7.43,8.59,5.78,9.60,6.10,4.70,-0.16,3.72,8.86,1.42,1.23,1.36,-11.32,7.05
198,Pacific island small states,PSS,GDP growth (annual %),NY.GDP.MKTP.KD.ZG,1.10,2.13,2.08,4.10,2.56,2.34,0.31,1.94,-0.48,3.79,3.84,0.90,3.31,3.69,3.67,3.61,3.99,2.82,0.97,-10.31,-3.67
199,Post-demographic dividend,PST,GDP growth (annual %),NY.GDP.MKTP.KD.ZG,1.50,1.53,2.02,3.20,2.76,2.90,2.54,0.36,-3.39,2.93,1.65,1.25,1.40,1.91,2.14,1.75,2.36,2.26,1.70,-4.45,5.12
200,French Polynesia,PYF,GDP growth (annual %),NY.GDP.MKTP.KD.ZG,-0.34,0.85,2.13,0.97,0.31,-1.97,0.17,-3.68,-3.48,-4.72,-5.39,-2.26,0.39,1.05,3.45,3.37,2.10,2.82,2.42,-10.00,1.02
201,Qatar,QAT,GDP growth (annual %),NY.GDP.MKTP.KD.ZG,3.90,7.18,3.72,19.22,7.49,26.17,17.99,17.66,11.96,19.59,13.38,4.73,5.56,5.33,4.75,3.06,-1.50,1.23,0.77,-3.64,1.59
202,Romania,ROU,GDP growth (annual %),NY.GDP.MKTP.KD.ZG,5.22,5.70,2.34,10.43,4.67,8.03,7.23,9.31,-5.52,-3.90,4.52,1.92,0.27,4.12,3.16,2.86,8.20,6.03,3.85,-3.68,5.10
203,Russian Federation,RUS,GDP growth (annual %),NY.GDP.MKTP.KD.ZG,5.10,4.70,7.30,7.20,6.40,8.20,8.50,5.20,-7.80,4.50,4.30,4.02,1.76,0.74,-1.97,0.19,1.83,2.81,2.20,-2.66,4.75
204,Rwanda,RWA,GDP growth (annual %),NY.GDP.MKTP.KD.ZG,8.48,13.19,2.20,7.45,9.38,9.23,7.63,11.16,6.25,7.33,7.96,8.64,4.72,6.17,8.86,5.97,3.98,8.58,9.46,-3.36,10.88
205,South Asia,SAS,GDP growth (annual %),NY.GDP.MKTP.KD.ZG,4.44,3.60,7.25,7.51,7.52,7.63,7.23,3.26,6.93,7.47,5.11,5.47,6.03,6.94,7.34,7.68,6.53,6.33,3.84,-5.23,7.96
206,Saudi Arabia,SAU,GDP growth (annual %),NY.GDP.MKTP.KD.ZG,-1.21,-2.82,11.24,7.96,5.57,2.79,1.85,6.25,-2.06,5.04,10.00,5.41,2.70,3.65,4.11,1.67,-0.74,2.51,0.33,-4.14,3.24
207,Sudan,SDN,GDP growth (annual %),NY.GDP.MKTP.KD.ZG,6.50,6.01,6.29,5.14,5.64,6.53,5.74,3.85,-2.77,3.86,-3.21,-17.00,1.96,4.66,1.91,3.47,0.71,-2.68,-2.18,-3.63,-1.87
208,Senegal,SEN,GDP growth (annual %),NY.GDP.MKTP.KD.ZG,4.31,0.07,5.59,4.64,4.31,2.33,2.83,3.70,2.75,3.39,1.33,4.00,2.41,6.22,6.37,6.37,7.39,6.21,4.61,1.33,6.06
209,Singapore,SGP,GDP growth (annual %),NY.GDP.MKTP.KD.ZG,-1.07,3.92,4.55,9.94,7.37,9.01,9.02,1.86,0.13,14.52,6.21,4.44,4.82,3.94,2.98,3.56,4.66,3.66,1.10,-4.14,7.61
210,Solomon Islands,SLB,GDP growth (annual %),NY.GDP.MKTP.KD.ZG,-7.96,-2.80,6.52,7.68,7.36,4.14,3.64,6.23,2.86,9.71,7.43,2.47,5.24,1.19,1.68,5.55,3.08,2.75,1.75,-3.38,-0.20
211,Sierra Leone,SLE,GDP growth (annual %),NY.GDP.MKTP.KD.ZG,-6.35,26.42,9.31,6.60,4.51,4.22,8.06,5.40,3.19,5.35,6.32,15.18,20.72,4.56,-20.60,6.06,4.19,3.46,5.25,-1.97,4.10
212,El Salvador,SLV,GDP growth (annual %),NY.GDP.MKTP.KD.ZG,0.88,1.57,1.57,0.89,2.71,4.35,1.86,2.13,-2.09,2.11,3.81,2.82,2.24,1.71,2.40,2.54,2.25,2.41,2.44,-8.18,10.28
213,San Marino,SMR,GDP growth (annual %),NY.GDP.MKTP.KD.ZG,5.58,0.31,3.87,4.55,2.43,3.83,7.11,-0.50,-10.32,-5.47,-8.31,-7.04,-0.78,-0.70,2.29,2.34,0.26,1.49,2.07,-6.65,NA
214,Somalia,SOM,GDP growth (annual %),NY.GDP.MKTP.KD.ZG,NA,NA,NA,NA,NA,NA,NA,NA,NA,NA,NA,NA,NA,7.79,15.05,8.53,2.35,7.53,7.46,2.49,4.05
215,Serbia,SRB,GDP growth (annual %),NY.GDP.MKTP.KD.ZG,6.88,6.38,4.39,9.03,5.53,5.11,6.44,5.66,-2.73,0.73,2.04,-0.68,2.89,-1.59,1.81,3.34,2.10,4.50,4.33,-0.90,7.55
216,Sub-Saharan Africa (excluding high income),SSA,GDP growth (annual %),NY.GDP.MKTP.KD.ZG,4.28,6.32,4.11,6.57,6.00,6.06,6.13,5.14,3.00,5.96,4.20,2.68,5.07,4.89,2.82,1.40,2.49,2.76,2.56,-2.06,4.20
217,South Sudan,SSD,GDP growth (annual %),NY.GDP.MKTP.KD.ZG,NA,NA,NA,NA,NA,NA,NA,NA,5.04,5.49,-4.64,-46.08,13.13,3.37,-10.79,NA,NA,NA,NA,NA,NA
218,Sub-Saharan Africa,SSF,GDP growth (annual %),NY.GDP.MKTP.KD.ZG,4.27,6.31,4.10,6.56,6.01,6.06,6.14,5.13,2.99,5.96,4.20,2.68,5.07,4.89,2.83,1.40,2.49,2.76,2.56,-2.07,4.20
219,Small states,SST,GDP growth (annual %),NY.GDP.MKTP.KD.ZG,3.52,4.24,4.69,7.66,5.16,9.68,8.16,5.88,0.49,7.16,6.28,3.31,3.28,3.55,2.65,2.19,1.10,2.09,2.01,-5.66,3.92
220,Sao Tome and Principe,STP,GDP growth (annual %),NY.GDP.MKTP.KD.ZG,NA,3.36,8.29,3.54,6.61,8.87,3.64,6.23,2.43,6.67,4.40,3.14,4.81,6.55,3.91,4.16,3.85,2.95,2.21,3.02,1.88
221,Suriname,SUR,GDP growth (annual %),NY.GDP.MKTP.KD.ZG,4.20,2.80,6.30,8.50,4.50,5.79,5.11,4.14,3.01,5.17,5.85,2.69,2.93,0.26,-3.41,-4.92,1.57,4.95,1.17,-15.98,-2.73
222,Slovak Republic,SVK,GDP growth (annual %),NY.GDP.MKTP.KD.ZG,3.25,4.51,5.50,5.28,6.62,8.49,10.83,5.57,-5.46,6.72,2.67,1.32,0.63,2.70,5.17,1.94,2.94,4.03,2.52,-3.37,3.01
223,Slovenia,SVN,GDP growth (annual %),NY.GDP.MKTP.KD.ZG,3.22,3.51,2.96,4.36,3.80,5.75,6.98,3.51,-7.55,1.34,0.86,-2.64,-1.03,2.77,2.21,3.19,4.82,4.45,3.45,-4.32,8.21
224,Sweden,SWE,GDP growth (annual %),NY.GDP.MKTP.KD.ZG,1.45,2.20,2.31,4.34,2.86,4.66,3.44,-0.45,-4.34,5.95,3.20,-0.59,1.19,2.66,4.49,2.07,2.57,1.95,1.99,-2.17,5.08
225,Eswatini,SWZ,GDP growth (annual %),NY.GDP.MKTP.KD.ZG,1.05,4.38,3.88,3.62,6.00,5.99,4.44,0.82,1.57,3.79,2.25,5.40,3.86,0.92,2.23,1.06,2.03,2.37,2.70,-1.56,7.88
226,Sint Maarten (Dutch part),SXM,GDP growth (annual %),NY.GDP.MKTP.KD.ZG,NA,NA,NA,NA,NA,NA,NA,NA,NA,3.20,4.60,1.39,1.31,1.58,0.40,0.50,-5.80,-6.60,NA,NA,NA
227,Seychelles,SYC,GDP growth (annual %),NY.GDP.MKTP.KD.ZG,-2.27,1.21,-5.89,-2.85,9.01,9.41,10.42,-2.15,-1.11,5.95,7.89,1.26,6.02,4.50,5.64,5.35,4.51,3.20,3.10,-7.69,7.86
228,Syrian Arab Republic,SYR,GDP growth (annual %),NY.GDP.MKTP.KD.ZG,1.05,3.95,7.20,6.90,6.22,5.05,5.67,4.48,5.91,5.19,2.85,-26.34,-26.30,-10.31,-4.18,-6.41,-0.72,1.39,1.22,-3.87,NA
229,Turks and Caicos Islands,TCA,GDP growth (annual %),NY.GDP.MKTP.KD.ZG,NA,NA,NA,NA,NA,NA,NA,NA,NA,NA,NA,-0.97,1.07,8.71,11.31,7.25,-2.49,5.61,5.32,-26.78,2.10
230,Chad,TCD,GDP growth (annual %),NY.GDP.MKTP.KD.ZG,11.66,8.49,14.72,33.63,17.33,0.65,3.27,3.05,4.22,13.55,0.08,8.88,5.70,6.90,2.77,-6.26,-2.99,2.37,3.25,-1.60,-1.20
231,East Asia & Pacific (IDA & IBRD countries),TEA,GDP growth (annual %),NY.GDP.MKTP.KD.ZG,6.98,8.06,8.94,9.12,9.98,11.08,12.49,8.62,7.98,9.92,8.65,7.58,7.30,6.99,6.69,6.59,6.71,6.53,5.78,1.30,7.26
232,Europe & Central Asia (IDA & IBRD countries),TEC,GDP growth (annual %),NY.GDP.MKTP.KD.ZG,2.59,5.01,6.18,7.87,6.64,7.85,7.63,4.46,-4.67,4.63,5.93,3.46,3.38,2.34,1.48,1.85,4.29,3.67,2.64,-1.54,7.01
233,Togo,TGO,GDP growth (annual %),NY.GDP.MKTP.KD.ZG,0.82,3.83,6.72,-0.98,-4.67,2.65,-1.18,4.06,5.54,6.10,6.40,6.54,6.11,5.92,5.74,5.56,4.35,4.98,5.46,1.75,5.26
234,Thailand,THA,GDP growth (annual %),NY.GDP.MKTP.KD.ZG,3.44,6.15,7.19,6.29,4.19,4.97,5.44,1.73,-0.69,7.51,0.84,7.24,2.69,0.98,3.13,3.44,4.18,4.22,2.15,-6.20,1.53
235,Tajikistan,TJK,GDP growth (annual %),NY.GDP.MKTP.KD.ZG,9.58,10.80,11.00,10.30,6.70,7.00,7.80,7.90,3.90,6.50,7.40,7.50,7.40,6.70,6.02,6.90,7.10,7.60,7.40,4.40,9.20
236,Turkmenistan,TKM,GDP growth (annual %),NY.GDP.MKTP.KD.ZG,4.34,0.26,3.27,5.00,13.03,10.97,11.06,14.70,6.10,9.20,14.70,11.10,10.20,10.30,6.50,6.20,6.50,6.20,6.30,NA,NA
237,Latin America & the Caribbean (IDA & IBRD countries),TLA,GDP growth (annual %),NY.GDP.MKTP.KD.ZG,0.26,0.49,2.63,5.51,4.11,5.17,5.47,3.91,-2.03,6.73,4.63,2.65,2.96,1.45,0.48,-0.16,1.98,1.74,0.73,-6.55,6.75
238,Timor-Leste,TLS,GDP growth (annual %),NY.GDP.MKTP.KD.ZG,16.35,-6.70,-2.18,0.40,2.99,-4.12,10.26,11.39,10.14,9.33,5.96,4.86,3.10,4.47,2.76,3.38,-3.06,-0.69,23.51,31.91,5.29
239,Middle East & North Africa (IDA & IBRD countries),TMN,GDP growth (annual %),NY.GDP.MKTP.KD.ZG,2.80,3.20,2.18,7.70,4.48,5.19,6.14,3.69,2.58,5.27,-1.18,3.66,0.40,2.82,0.71,5.31,3.14,1.69,1.01,-2.71,4.67
240,Tonga,TON,GDP growth (annual %),NY.GDP.MKTP.KD.ZG,3.75,4.85,2.31,-2.41,0.08,-0.15,0.27,4.75,-5.20,0.80,6.82,0.82,0.31,2.02,1.17,6.57,3.32,0.24,0.71,0.49,-2.67
241,South Asia (IDA & IBRD),TSA,GDP growth (annual %),NY.GDP.MKTP.KD.ZG,4.44,3.60,7.25,7.51,7.52,7.63,7.23,3.26,6.93,7.47,5.11,5.47,6.03,6.94,7.34,7.68,6.53,6.33,3.84,-5.23,7.96
242,Sub-Saharan Africa (IDA & IBRD countries),TSS,GDP growth (annual %),NY.GDP.MKTP.KD.ZG,4.27,6.31,4.10,6.56,6.01,6.06,6.14,5.13,2.99,5.96,4.20,2.68,5.07,4.89,2.83,1.40,2.49,2.76,2.56,-2.07,4.20
243,Trinidad and Tobago,TTO,GDP growth (annual %),NY.GDP.MKTP.KD.ZG,4.17,7.94,14.44,7.95,6.21,13.21,4.75,3.39,-4.39,3.32,-0.29,6.61,3.84,3.32,-0.76,-6.76,-4.71,-0.87,0.11,-7.68,-1.03
244,Tunisia,TUN,GDP growth (annual %),NY.GDP.MKTP.KD.ZG,3.80,1.32,4.70,6.24,3.49,5.24,6.71,4.24,3.04,2.97,-2.05,4.22,2.43,3.09,0.97,1.12,2.24,2.59,1.50,-8.62,4.32
245,Turkiye,TUR,GDP growth (annual %),NY.GDP.MKTP.KD.ZG,-5.75,6.45,5.76,9.80,8.99,6.95,5.04,0.82,-4.82,8.43,11.20,4.79,8.49,4.94,6.08,3.32,7.50,2.98,0.78,1.94,11.35
246,Tuvalu,TUV,GDP growth (annual %),NY.GDP.MKTP.KD.ZG,0.00,9.52,-4.35,-2.27,-4.65,2.44,7.14,6.67,-6.25,-2.22,6.82,-2.13,4.35,0.00,10.42,5.66,1.79,1.75,13.79,1.52,2.99
247,Tanzania,TZA,GDP growth (annual %),NY.GDP.MKTP.KD.ZG,6.07,7.09,6.67,7.50,7.48,6.53,6.77,5.69,5.27,6.34,7.67,4.50,6.78,6.73,6.16,6.87,6.79,5.44,5.80,2.00,4.28
248,Uganda,UGA,GDP growth (annual %),NY.GDP.MKTP.KD.ZG,5.18,8.73,6.47,6.81,6.33,10.78,8.41,8.71,6.80,5.64,9.39,3.84,3.59,5.11,5.19,4.78,3.13,6.30,6.44,2.95,3.54
249,Ukraine,UKR,GDP growth (annual %),NY.GDP.MKTP.KD.ZG,8.80,5.34,9.52,11.80,3.07,7.57,8.22,2.24,-15.14,4.09,5.45,0.15,0.05,-10.08,-9.77,2.44,2.36,3.49,3.20,-3.75,3.40
250,Upper middle income,UMC,GDP growth (annual %),NY.GDP.MKTP.KD.ZG,3.61,4.74,5.99,8.14,7.75,8.90,9.65,6.48,2.71,8.42,6.92,5.92,5.58,4.72,4.31,4.23,5.23,4.94,4.09,-0.58,7.40
251,Uruguay,URY,GDP growth (annual %),NY.GDP.MKTP.KD.ZG,-3.84,-7.73,0.81,5.00,7.46,4.10,6.54,7.18,4.24,7.80,5.16,3.54,4.64,3.24,0.37,1.69,1.63,0.48,0.35,-6.12,4.37
252,United States,USA,GDP growth (annual %),NY.GDP.MKTP.KD.ZG,0.95,1.70,2.80,3.85,3.48,2.78,2.01,0.12,-2.60,2.71,1.55,2.28,1.84,2.29,2.71,1.67,2.24,2.95,2.29,-2.77,5.95
253,Uzbekistan,UZB,GDP growth (annual %),NY.GDP.MKTP.KD.ZG,4.16,3.97,4.23,7.45,6.95,7.45,9.47,9.03,8.05,7.60,7.53,7.10,7.30,6.87,7.22,5.93,4.40,5.35,5.71,1.89,7.42
254,St. Vincent and the Grenadines,VCT,GDP growth (annual %),NY.GDP.MKTP.KD.ZG,1.75,5.34,6.69,4.11,2.49,7.00,3.32,0.40,-1.38,-4.47,-0.61,1.17,2.46,1.15,2.79,4.15,1.67,3.05,0.40,-5.31,1.35
255,"Venezuela, RB",VEN,GDP growth (annual %),NY.GDP.MKTP.KD.ZG,3.39,-8.86,-7.76,18.29,10.32,9.87,8.75,5.28,-3.20,-1.49,4.18,5.63,1.34,-3.89,NA,NA,NA,NA,NA,NA,NA
256,British Virgin Islands,VGB,GDP growth (annual %),NY.GDP.MKTP.KD.ZG,NA,NA,NA,NA,NA,NA,NA,NA,NA,NA,NA,NA,NA,NA,NA,NA,NA,NA,NA,NA,NA
257,Virgin Islands (U.S.),VIR,GDP growth (annual %),NY.GDP.MKTP.KD.ZG,NA,NA,-0.40,3.29,3.49,3.50,4.01,1.22,-6.59,0.60,-8.20,-14.81,-6.29,-1.77,-0.43,1.60,-0.74,1.90,2.78,-2.15,NA
258,Vietnam,VNM,GDP growth (annual %),NY.GDP.MKTP.KD.ZG,6.19,6.32,6.90,7.54,7.55,6.98,7.13,5.66,5.40,6.42,6.41,5.50,5.55,6.42,6.99,6.69,6.94,7.46,7.36,2.87,2.56
259,Vanuatu,VUT,GDP growth (annual %),NY.GDP.MKTP.KD.ZG,-3.40,-5.20,4.29,3.99,5.31,8.46,2.88,5.60,3.04,1.26,3.14,1.01,0.46,3.14,0.37,4.69,6.32,2.90,3.24,-5.40,0.45
260,World,WLD,GDP growth (annual %),NY.GDP.MKTP.KD.ZG,2.01,2.30,3.11,4.47,4.00,4.42,4.38,2.07,-1.34,4.54,3.31,2.71,2.81,3.09,3.08,2.81,3.39,3.29,2.59,-3.11,5.87
261,Samoa,WSM,GDP growth (annual %),NY.GDP.MKTP.KD.ZG,7.39,5.65,5.21,3.09,6.64,2.13,0.49,3.56,-0.54,6.12,3.85,-3.73,0.11,0.66,3.85,7.98,1.41,-0.61,4.45,-3.11,-7.08
262,Kosovo,XKX,GDP growth (annual %),NY.GDP.MKTP.KD.ZG,NA,NA,NA,NA,NA,NA,NA,NA,5.03,4.94,6.32,1.71,5.34,3.35,5.92,5.57,4.83,3.41,4.76,-5.34,10.75
263,"Yemen, Rep.",YEM,GDP growth (annual %),NY.GDP.MKTP.KD.ZG,3.80,3.94,3.75,3.97,5.59,3.17,3.34,3.65,3.87,7.70,-12.71,2.39,4.82,-0.19,-27.99,-9.38,-5.07,0.75,NA,NA,NA
264,South Africa,ZAF,GDP growth (annual %),NY.GDP.MKTP.KD.ZG,2.70,3.70,2.95,4.55,5.28,5.60,5.36,3.19,-1.54,3.04,3.17,2.40,2.49,1.41,1.32,0.66,1.16,1.52,0.30,-6.34,4.91
265,Zambia,ZMB,GDP growth (annual %),NY.GDP.MKTP.KD.ZG,5.32,4.51,6.94,7.03,7.24,7.90,8.35,7.77,9.22,10.30,5.56,7.60,5.06,4.70,2.92,3.78,3.50,4.03,1.44,-2.79,4.60
266,Zimbabwe,ZWE,GDP growth (annual %),NY.GDP.MKTP.KD.ZG,1.44,-8.89,-17.00,-5.81,-5.71,-3.46,-3.65,-17.67,12.02,21.45,14.62,15.74,3.20,1.48,2.02,0.90,4.08,5.01,-6.33,-7.82,8.47
