Country_Name,Country_Code,Year,GDP_growth_annual
Libya,LBY,2012,86.827
Azerbaijan,AZE,2006,34.5
Nauru,NRU,2013,30.612
Northern Mariana Islands,MNP,2016,29.212
Nauru,NRU,2014,26.563
Qatar,QAT,2006,26.17
Maldives,MDV,2006,26.111
"Macao SAR, China",MAC,2010,25.123
Azerbaijan,AZE,2007,25
Ireland,IRL,2015,24.37
Nauru,NRU,2008,22.222
"Macao SAR, China",MAC,2011,21.617
Zimbabwe,ZWE,2010,21.452
Afghanistan,AFG,2009,21.391
Sierra Leone,SLE,2013,20.716
Qatar,QAT,2010,19.592
Morocco,MAR,2014,19.047
Bhutan,BTN,2007,18.361
Mauritania,MRT,2006,18.333
Qatar,QAT,2007,17.986
Equatorial Guinea,GNQ,2008,17.799
Qatar,QAT,2008,17.664
Mongolia,MNG,2011,17.291
Zimbabwe,ZWE,2012,15.745
Equatorial Guinea,GNQ,2007,15.282
Sierra Leone,SLE,2012,15.182
Cabo Verde,CPV,2007,15.171
Somalia,SOM,2015,15.05
Turkmenistan,TKM,2008,14.7
Turkmenistan,TKM,2011,14.7
Zimbabwe,ZWE,2011,14.62
Singapore,SGP,2010,14.52
"Macao SAR, China",MAC,2007,14.476
Monaco,MCO,2007,14.429
Afghanistan,AFG,2010,14.362
China,CHN,2007,14.231
Ghana,GHA,2011,14.047
Angola,AGO,2007,14.01
Iraq,IRQ,2012,13.936
Afghanistan,AFG,2007,13.826
Iraq,IRQ,2016,13.787
Armenia,ARM,2007,13.7
Chad,TCD,2010,13.55
Papua New Guinea,PNG,2014,13.544
"Macao SAR, China",MAC,2006,13.39
Qatar,QAT,2011,13.375
Myanmar,MMR,2006,13.307
Trinidad and Tobago,TTO,2006,13.208
Armenia,ARM,2006,13.2
South Sudan,SSD,2013,13.13
Afghanistan,AFG,2012,12.752
China,CHN,2006,12.721
Antigua and Barbuda,ATG,2006,12.708
Georgia,GEO,2007,12.579
Ethiopia,ETH,2010,12.551
Myanmar,MMR,2007,12.5
Mongolia,MNG,2012,12.32
Cuba,CUB,2006,12.066
Zimbabwe,ZWE,2009,12.02
Panama,PAN,2007,11.984
Latvia,LVA,2006,11.972
Qatar,QAT,2009,11.957
Bhutan,BTN,2010,11.946
Mongolia,MNG,2013,11.649
"Congo, Rep.",COG,2009,11.637
Angola,AGO,2006,11.55
Ethiopia,ETH,2007,11.456
Timor-Leste,TLS,2008,11.391
Nauru,NRU,2012,11.364
Turks and Caicos Islands,TCA,2015,11.315
Panama,PAN,2011,11.314
Turkiye,TUR,2011,11.2
St. Kitts and Nevis,KNA,2008,11.179
Ethiopia,ETH,2011,11.178
Angola,AGO,2008,11.17
Rwanda,RWA,2008,11.161
Nauru,NRU,2010,11.111
Lithuania,LTU,2007,11.107
Botswana,BWA,2013,11.103
Turkmenistan,TKM,2012,11.1
Paraguay,PRY,2010,11.095
Myanmar,MMR,2008,11.074
Turkmenistan,TKM,2007,11.059
Turkmenistan,TKM,2006,10.973
Kyrgyz Republic,KGZ,2013,10.915
Ethiopia,ETH,2006,10.835
Slovak Republic,SVK,2007,10.832
Guinea,GIN,2016,10.821
Ethiopia,ETH,2008,10.789
Uganda,UGA,2006,10.785
Cambodia,KHM,2006,10.771
Cote d'Ivoire,CIV,2013,10.76
Azerbaijan,AZE,2008,10.759
"Macao SAR, China",MAC,2013,10.753
Kazakhstan,KAZ,2006,10.7
China,CHN,2010,10.636
Ethiopia,ETH,2013,10.582
Niger,NER,2012,10.549
Myanmar,MMR,2016,10.508
Seychelles,SYC,2007,10.421
Tuvalu,TUV,2015,10.417
Myanmar,MMR,2009,10.41
Ethiopia,ETH,2015,10.392
Turkmenistan,TKM,2014,10.3
Zambia,ZMB,2010,10.298
Timor-Leste,TLS,2007,10.262
Ethiopia,ETH,2014,10.257
Mongolia,MNG,2007,10.248
Lebanon,LBN,2009,10.232
Cambodia,KHM,2007,10.213
Turkmenistan,TKM,2013,10.2
Belarus,BLR,2008,10.2
Timor-Leste,TLS,2009,10.144
Papua New Guinea,PNG,2010,10.128
Argentina,ARG,2010,10.125
Botswana,BWA,2010,10.122
Myanmar,MMR,2010,10.069
Nauru,NRU,2011,10
Belarus,BLR,2006,10
Saudi Arabia,SAU,2011,9.997
"Congo, Rep.",COG,2012,9.947
Latvia,LVA,2007,9.942
"Congo, Rep.",COG,2010,9.931
"Venezuela, RB",VEN,2006,9.872
Kiribati,KIR,2015,9.865
Panama,PAN,2008,9.856
United Arab Emirates,ARE,2006,9.837
Panama,PAN,2012,9.778
Estonia,EST,2006,9.766
Solomon Islands,SLB,2010,9.708
Mozambique,MOZ,2006,9.694
China,CHN,2008,9.651
Kuwait,KWT,2011,9.628
Malta,MLT,2015,9.608
West Bank and Gaza,PSE,2011,9.601
Malawi,MWI,2007,9.6
Monaco,MCO,2013,9.575
China,CHN,2011,9.551
Liberia,LBR,2007,9.535
Maldives,MDV,2008,9.485
Uzbekistan,UZB,2007,9.473
"Congo, Dem. Rep.",COD,2014,9.47
Ethiopia,ETH,2016,9.433
Georgia,GEO,2006,9.42
Seychelles,SYC,2006,9.406
China,CHN,2009,9.399
Uganda,UGA,2011,9.392
Nauru,NRU,2006,9.375
Cote d'Ivoire,CIV,2014,9.372
Timor-Leste,TLS,2010,9.329
Antigua and Barbuda,ATG,2007,9.315
Lebanon,LBN,2007,9.311
Romania,ROU,2008,9.307
Azerbaijan,AZE,2009,9.296
Ghana,GHA,2012,9.293
"Macao SAR, China",MAC,2012,9.242
Rwanda,RWA,2006,9.227
Zambia,ZMB,2009,9.22
Turkmenistan,TKM,2010,9.2
Dominican Republic,DOM,2006,9.174
Ghana,GHA,2008,9.15
Peru,PER,2008,9.127
Nauru,NRU,2009,9.091
Lebanon,LBN,2008,9.069
Moldova,MDA,2013,9.044
Uzbekistan,UZB,2008,9.029
Singapore,SGP,2007,9.022
Argentina,ARG,2007,9.008
Singapore,SGP,2006,9.007
Mongolia,MNG,2008,8.9
Kazakhstan,KAZ,2007,8.9
Chad,TCD,2012,8.883
Sao Tome and Principe,STP,2006,8.866
West Bank and Gaza,PSE,2016,8.865
Oman,OMN,2012,8.863
Rwanda,RWA,2015,8.857
"Iran, Islamic Rep.",IRN,2016,8.815
Ethiopia,ETH,2009,8.803
"Venezuela, RB",VEN,2007,8.754
Turks and Caicos Islands,TCA,2014,8.711
Uganda,UGA,2008,8.709
Liberia,LBR,2013,8.687
Eritrea,ERI,2011,8.68
Sri Lanka,LKA,2011,8.669
Panama,PAN,2006,8.652
Ireland,IRL,2014,8.649
Ethiopia,ETH,2012,8.648
Liechtenstein,LIE,2006,8.645
Rwanda,RWA,2012,8.642
Sri Lanka,LKA,2012,8.632
Lao PDR,LAO,2006,8.619
Belarus,BLR,2007,8.6
West Bank and Gaza,PSE,2009,8.593
Central African Republic,CAF,2009,8.587
Niger,NER,2010,8.578
Maldives,MDV,2011,8.567
Montenegro,MNE,2006,8.566
Mongolia,MNG,2006,8.556
Kyrgyz Republic,KGZ,2007,8.543
Angola,AGO,2012,8.54
Somalia,SOM,2016,8.532
Lao PDR,LAO,2010,8.527
Peru,PER,2007,8.518
Russian Federation,RUS,2007,8.5
India,IND,2010,8.498
Slovak Republic,SVK,2006,8.493
Turkiye,TUR,2013,8.486
"Congo, Dem. Rep.",COD,2013,8.482
Vanuatu,VUT,2006,8.461
Iceland,ISL,2007,8.455
Burkina Faso,BFA,2010,8.446
Turkiye,TUR,2010,8.427
Uganda,UGA,2007,8.412
Kyrgyz Republic,KGZ,2008,8.402
Botswana,BWA,2006,8.364
Zambia,ZMB,2007,8.352
Dominican Republic,DOM,2010,8.34
Peru,PER,2010,8.332
Malawi,MWI,2009,8.328
Equatorial Guinea,GNQ,2012,8.313
Bahrain,BHR,2007,8.294
Paraguay,PRY,2013,8.293
India,IND,2016,8.256
Iraq,IRQ,2008,8.228
Ukraine,UKR,2007,8.216
Costa Rica,CRI,2007,8.215
Liberia,LBR,2011,8.201
Oman,OMN,2008,8.2
Russian Federation,RUS,2006,8.2
Myanmar,MMR,2014,8.2
Jordan,JOR,2007,8.176
"Iran, Islamic Rep.",IRN,2007,8.156
Bhutan,BTN,2016,8.127
Luxembourg,LUX,2007,8.099
Jordan,JOR,2006,8.093
Guinea-Bissau,GNB,2011,8.085
India,IND,2006,8.061
Kenya,KEN,2010,8.058
Sierra Leone,SLE,2007,8.058
Uzbekistan,UZB,2009,8.051
Argentina,ARG,2006,8.047
Liberia,LBR,2006,8.044
Lao PDR,LAO,2011,8.039
Nigeria,NGA,2009,8.037
Romania,ROU,2006,8.029
Lao PDR,LAO,2013,8.026
Lao PDR,LAO,2012,8.026
Sri Lanka,LKA,2010,8.016
Nigeria,NGA,2010,8.006
India,IND,2015,7.996
Liberia,LBR,2012,7.994
"Congo, Rep.",COG,2006,7.986
Samoa,WSM,2016,7.984
Cabo Verde,CPV,2006,7.984
Bhutan,BTN,2011,7.983
Lebanon,LBN,2010,7.975
Rwanda,RWA,2011,7.958
Zambia,ZMB,2006,7.904
Tajikistan,TJK,2008,7.9
Ghana,GHA,2010,7.9
Myanmar,MMR,2013,7.899
Seychelles,SYC,2011,7.887
Mongolia,MNG,2014,7.885
Ecuador,ECU,2011,7.868
China,CHN,2012,7.864
India,IND,2009,7.862
Lao PDR,LAO,2008,7.825
Papua New Guinea,PNG,2007,7.815
Uruguay,URY,2010,7.803
Moldova,MDA,2008,7.8
Tajikistan,TJK,2007,7.8
Belarus,BLR,2010,7.798
Somalia,SOM,2014,7.794
Zambia,ZMB,2008,7.774
China,CHN,2013,7.766
Niger,NER,2008,7.731
Mozambique,MOZ,2007,7.73
Maldives,MDV,2007,7.714
Equatorial Guinea,GNQ,2006,7.705
"Yemen, Rep.",YEM,2010,7.702
Isle of Man,IMN,2006,7.7
Tanzania,TZA,2011,7.672
Sri Lanka,LKA,2006,7.668
India,IND,2007,7.661
Malawi,MWI,2008,7.64
Rwanda,RWA,2007,7.633
Malta,MLT,2014,7.633
Iraq,IRQ,2013,7.629
Cote d'Ivoire,CIV,2012,7.62
Lao PDR,LAO,2014,7.612
Zambia,ZMB,2012,7.598
Uzbekistan,UZB,2010,7.597
Lao PDR,LAO,2007,7.597
Estonia,EST,2007,7.579
St. Kitts and Nevis,KNA,2014,7.577
Morocco,MAR,2006,7.575
Ukraine,UKR,2006,7.571
Iraq,IRQ,2011,7.546
Palau,PLW,2015,7.539
Peru,PER,2006,7.529
Brazil,BRA,2010,7.528
Djibouti,DJI,2015,7.526
Uzbekistan,UZB,2011,7.525
Myanmar,MMR,2011,7.52
Kuwait,KWT,2006,7.515
Thailand,THA,2010,7.513
Lao PDR,LAO,2009,7.502
Albania,ALB,2008,7.5
Isle of Man,IMN,2007,7.5
Tajikistan,TJK,2012,7.5
Uzbekistan,UZB,2006,7.451
Solomon Islands,SLB,2011,7.43
West Bank and Gaza,PSE,2008,7.429
China,CHN,2014,7.426
Malaysia,MYS,2010,7.425
Mozambique,MOZ,2011,7.417
Dominican Republic,DOM,2007,7.416
Lithuania,LTU,2006,7.414
India,IND,2014,7.41
Tajikistan,TJK,2011,7.4
Kazakhstan,KAZ,2011,7.4
Georgia,GEO,2011,7.4
Tajikistan,TJK,2013,7.4
Mozambique,MOZ,2014,7.399
Cambodia,KHM,2013,7.357
Grenada,GRD,2014,7.342
Rwanda,RWA,2010,7.335
Philippines,PHL,2010,7.334
Maldives,MDV,2014,7.33
Costa Rica,CRI,2006,7.327
Mozambique,MOZ,2008,7.318
Cambodia,KHM,2012,7.313
Ghana,GHA,2013,7.313
Isle of Man,IMN,2012,7.304
Kazakhstan,KAZ,2010,7.3
Uzbekistan,UZB,2013,7.297
Maldives,MDV,2013,7.281
Lao PDR,LAO,2015,7.27
Maldives,MDV,2010,7.265
Estonia,EST,2011,7.263
Cuba,CUB,2007,7.262
Mozambique,MOZ,2012,7.258
Turks and Caicos Islands,TCA,2016,7.251
Thailand,THA,2012,7.243
Romania,ROU,2007,7.234
Montenegro,MNE,2008,7.223
Jordan,JOR,2008,7.22
Uzbekistan,UZB,2015,7.219
Botswana,BWA,2016,7.202
Armenia,ARM,2012,7.2
Cote d'Ivoire,CIV,2015,7.194
Benin,BEN,2013,7.191
Guyana,GUY,2007,7.191
Monaco,MCO,2014,7.189
Cote d'Ivoire,CIV,2016,7.179
Uruguay,URY,2008,7.176
"Egypt, Arab Rep.",EGY,2008,7.156
Philippines,PHL,2016,7.149
Liberia,LBR,2008,7.146
Tuvalu,TUV,2007,7.143
Cambodia,KHM,2014,7.143
Vietnam,VNM,2007,7.13
Djibouti,DJI,2016,7.123
Dominica,DMA,2008,7.121
Bangladesh,BGD,2016,7.113
San Marino,SMR,2007,7.109
"Congo, Dem. Rep.",COD,2010,7.108
Uzbekistan,UZB,2012,7.102
Moldova,MDA,2010,7.1
Gabon,GAB,2011,7.092
Gabon,GAB,2010,7.09
"Egypt, Arab Rep.",EGY,2007,7.088
"Congo, Dem. Rep.",COD,2012,7.087
Mali,MLI,2014,7.085
Namibia,NAM,2006,7.073
Cambodia,KHM,2011,7.07
Djibouti,DJI,2014,7.062
Poland,POL,2007,7.062
Bangladesh,BGD,2007,7.059
Dominican Republic,DOM,2014,7.05
Latvia,LVA,2012,7.042
China,CHN,2015,7.041
"Hong Kong SAR, China",HKG,2006,7.033
Lao PDR,LAO,2016,7.023
Tajikistan,TJK,2006,7
Monaco,MCO,2011,7
Bhutan,BTN,2006,7
St. Vincent and the Grenadines,VCT,2006,6.997
Vietnam,VNM,2015,6.987
Slovenia,SVN,2007,6.98
Vietnam,VNM,2006,6.978
Cambodia,KHM,2015,6.966
Mozambique,MOZ,2013,6.964
Isle of Man,IMN,2016,6.952
Turkiye,TUR,2006,6.948
Colombia,COL,2011,6.948
Cambodia,KHM,2016,6.933
United Arab Emirates,ARE,2011,6.929
Dominican Republic,DOM,2015,6.927
"Congo, Dem. Rep.",COD,2015,6.916
Panama,PAN,2013,6.904
Armenia,ARM,2008,6.9
Chad,TCD,2014,6.9
Tajikistan,TJK,2016,6.899
Philippines,PHL,2012,6.897
"Congo, Dem. Rep.",COD,2011,6.875
Malawi,MWI,2010,6.874
Uzbekistan,UZB,2014,6.874
Tanzania,TZA,2016,6.867
Kenya,KEN,2007,6.851
China,CHN,2016,6.849
Cote d'Ivoire,CIV,2010,6.848
"Egypt, Arab Rep.",EGY,2006,6.844
Botswana,BWA,2011,6.839
Tonga,TON,2011,6.818
Tuvalu,TUV,2011,6.818
Guinea,GIN,2007,6.817
Montenegro,MNE,2007,6.81
"Korea, Rep.",KOR,2010,6.805
Bulgaria,BGR,2006,6.803
Uganda,UGA,2009,6.802
Papua New Guinea,PNG,2009,6.8
Sri Lanka,LKA,2007,6.797
Bolivia,BOL,2013,6.796
United Arab Emirates,ARE,2015,6.787
Tanzania,TZA,2013,6.782
Tanzania,TZA,2007,6.769
"Hong Kong SAR, China",HKG,2010,6.768
Czechia,CZE,2006,6.767
Nigeria,NGA,2008,6.764
Philippines,PHL,2013,6.751
Bhutan,BTN,2009,6.748
Colombia,COL,2007,6.738
Tanzania,TZA,2014,6.732
Mozambique,MOZ,2015,6.723
Colombia,COL,2006,6.717
"Congo, Rep.",COG,2014,6.717
Slovak Republic,SVK,2010,6.717
Madagascar,MDG,2008,6.713
Tunisia,TUN,2007,6.71
Tajikistan,TJK,2014,6.7
Cambodia,KHM,2008,6.692
Vietnam,VNM,2016,6.69
Palau,PLW,2011,6.684
Sao Tome and Principe,STP,2010,6.672
Bangladesh,BGD,2006,6.672
Nigeria,NGA,2013,6.671
Tuvalu,TUV,2008,6.667
"Gambia, The",GMB,2009,6.666
Dominican Republic,DOM,2016,6.659
Bulgaria,BGR,2007,6.654
Cabo Verde,CPV,2008,6.651
Bhutan,BTN,2015,6.642
Niger,NER,2014,6.642
Kuwait,KWT,2012,6.626
Burkina Faso,BFA,2011,6.623
Trinidad and Tobago,TTO,2012,6.61
Nigeria,NGA,2007,6.591
Papua New Guinea,PNG,2015,6.578
Cyprus,CYP,2016,6.574
Tonga,TON,2016,6.571
Honduras,HND,2006,6.567
Bangladesh,BGD,2015,6.553
Sao Tome and Principe,STP,2014,6.55
Togo,TGO,2012,6.544
Uruguay,URY,2007,6.542
Tanzania,TZA,2006,6.532
Sudan,SDN,2006,6.531
Equatorial Guinea,GNQ,2011,6.524
Bangladesh,BGD,2012,6.521
Philippines,PHL,2007,6.519
Mozambique,MOZ,2010,6.502
Libya,LBY,2006,6.501
Turkmenistan,TKM,2015,6.5
Tajikistan,TJK,2010,6.5
Paraguay,PRY,2008,6.496
Nicaragua,NIC,2012,6.495
Myanmar,MMR,2012,6.486
North Macedonia,MKD,2007,6.473
Kenya,KEN,2006,6.472
Bahrain,BHR,2006,6.467
"Hong Kong SAR, China",HKG,2007,6.465
Bangladesh,BGD,2011,6.464
Burkina Faso,BFA,2012,6.453
Grenada,GRD,2015,6.445
Serbia,SRB,2007,6.44
Aruba,ABW,2013,6.43
Vietnam,VNM,2010,6.423
Vietnam,VNM,2014,6.422
Vietnam,VNM,2011,6.413
Iraq,IRQ,2010,6.403
Ghana,GHA,2006,6.4
Togo,TGO,2011,6.398
India,IND,2013,6.386
Sri Lanka,LKA,2014,6.378
Senegal,SEN,2016,6.37
Georgia,GEO,2012,6.369
Senegal,SEN,2015,6.367
Mongolia,MNG,2010,6.365
Benin,BEN,2014,6.358
Ecuador,ECU,2008,6.357
Dominica,DMA,2007,6.353
Philippines,PHL,2015,6.348
Philippines,PHL,2014,6.348
Indonesia,IDN,2007,6.345
Maldives,MDV,2016,6.338
Guatemala,GTM,2007,6.338
Tanzania,TZA,2010,6.337
Lesotho,LSO,2012,6.335
Peru,PER,2011,6.327
Kosovo,XKX,2011,6.32
Mozambique,MOZ,2009,6.318
Nicaragua,NIC,2011,6.317
Iceland,ISL,2006,6.317
Sierra Leone,SLE,2011,6.315
Nigeria,NGA,2014,6.31
"Congo, Rep.",COG,2008,6.306
Iceland,ISL,2016,6.304
Malaysia,MYS,2007,6.299
Palau,PLW,2014,6.294
Guinea-Bissau,GNB,2016,6.263
"Congo, Dem. Rep.",COD,2007,6.259
"Gambia, The",GMB,2008,6.256
Burkina Faso,BFA,2006,6.253
Saudi Arabia,SAU,2008,6.25
Georgia,GEO,2010,6.249
Rwanda,RWA,2009,6.248
Bahrain,BHR,2008,6.245
Libya,LBY,2007,6.23
Sao Tome and Principe,STP,2008,6.229
Solomon Islands,SLB,2008,6.226
"Congo, Dem. Rep.",COD,2008,6.226
Senegal,SEN,2014,6.224
Chile,CHL,2011,6.224
Indonesia,IDN,2010,6.224
Singapore,SGP,2011,6.215
Turkmenistan,TKM,2016,6.2
St. Lucia,LCA,2006,6.195
Honduras,HND,2007,6.188
Mali,MLI,2015,6.172
Indonesia,IDN,2011,6.17
Rwanda,RWA,2014,6.167
Greenland,GRL,2008,6.166
Tanzania,TZA,2015,6.161
Chile,CHL,2012,6.155
Bolivia,BOL,2008,6.148
Peru,PER,2012,6.14
Guinea-Bissau,GNB,2015,6.134
Poland,POL,2006,6.131
Bulgaria,BGR,2008,6.13
Samoa,WSM,2010,6.125
Grenada,GRD,2007,6.123
Barbados,BRB,2006,6.113
Oman,OMN,2009,6.112
Togo,TGO,2013,6.112
Nepal,NPL,2008,6.105
Turkmenistan,TKM,2009,6.1
Liberia,LBR,2010,6.1
Togo,TGO,2010,6.099
West Bank and Gaza,PSE,2012,6.096
Namibia,NAM,2014,6.093
Turkiye,TUR,2015,6.084
Brazil,BRA,2007,6.07
Bangladesh,BGD,2014,6.061
Nigeria,NGA,2006,6.059
Sierra Leone,SLE,2016,6.055
Chile,CHL,2006,6.05
Namibia,NAM,2010,6.039
Lithuania,LTU,2011,6.039
Israel,ISR,2007,6.033
Indonesia,IDN,2012,6.03
Tajikistan,TJK,2015,6.019
Seychelles,SYC,2013,6.018
Luxembourg,LUX,2006,6.017
Bangladesh,BGD,2008,6.014
Indonesia,IDN,2008,6.014
Bangladesh,BGD,2013,6.014
Nepal,NPL,2014,6.011
Gabon,GAB,2007,6.008
Malaysia,MYS,2014,6.007
Argentina,ARG,2011,6.004
Kazakhstan,KAZ,2013,6
Eswatini,SWZ,2006,5.992
Kuwait,KWT,2007,5.992
Benin,BEN,2007,5.986
Albania,ALB,2007,5.983
Rwanda,RWA,2016,5.971
Cambodia,KHM,2010,5.963
Burkina Faso,BFA,2016,5.958
Kyrgyz Republic,KGZ,2011,5.956
Timor-Leste,TLS,2011,5.956
Seychelles,SYC,2010,5.955
Sweden,SWE,2010,5.952
Sri Lanka,LKA,2008,5.95
Uzbekistan,UZB,2016,5.932
Niger,NER,2006,5.931
Morocco,MAR,2008,5.923
Togo,TGO,2014,5.921
Kosovo,XKX,2015,5.916
Guinea,GIN,2012,5.915
Syrian Arab Republic,SYR,2009,5.912
"Gambia, The",GMB,2010,5.908
Albania,ALB,2006,5.903
Pakistan,PAK,2006,5.899
Channel Islands,CHI,2007,5.898
Haiti,HTI,2009,5.89
Bosnia and Herzegovina,BIH,2007,5.857
Peru,PER,2013,5.853
Mali,MLI,2016,5.852
Chile,CHL,2010,5.852
Suriname,SUR,2011,5.849
Panama,PAN,2010,5.828
Moldova,MDA,2011,5.818
Azerbaijan,AZE,2013,5.81
Monaco,MCO,2006,5.804
Burkina Faso,BFA,2008,5.8
"Korea, Rep.",KOR,2007,5.8
"Iran, Islamic Rep.",IRN,2010,5.798
Suriname,SUR,2006,5.794
Burkina Faso,BFA,2013,5.793
Botswana,BWA,2007,5.793
West Bank and Gaza,PSE,2010,5.777
Bhutan,BTN,2014,5.776
Slovenia,SVN,2006,5.746
Togo,TGO,2015,5.743
Niger,NER,2016,5.741
Sudan,SDN,2007,5.735
Panama,PAN,2015,5.733
Mauritius,MUS,2007,5.727
Cameroon,CMR,2014,5.72
Madagascar,MDG,2007,5.711
St. Kitts and Nevis,KNA,2013,5.706
Chad,TCD,2013,5.7
Malawi,MWI,2014,5.7
Botswana,BWA,2014,5.697
Tanzania,TZA,2008,5.686
Syrian Arab Republic,SYR,2007,5.675
Israel,ISR,2010,5.669
Cameroon,CMR,2015,5.667
Vietnam,VNM,2008,5.662
Tuvalu,TUV,2016,5.66
Serbia,SRB,2008,5.656
Greece,GRC,2006,5.652
Iraq,IRQ,2006,5.646
Ecuador,ECU,2012,5.642
Gabon,GAB,2013,5.639
Uganda,UGA,2010,5.638
Seychelles,SYC,2015,5.637
"Venezuela, RB",VEN,2012,5.626
Namibia,NAM,2013,5.615
Guinea,GIN,2011,5.612
South Africa,ZAF,2006,5.604
Fiji,FJI,2014,5.604
Vanuatu,VUT,2008,5.601
Afghanistan,AFG,2013,5.601
Malaysia,MYS,2006,5.585
Israel,ISR,2006,5.583
Slovak Republic,SVK,2008,5.575
Bangladesh,BGD,2010,5.572
Kosovo,XKX,2016,5.572
Czechia,CZE,2007,5.57
Zambia,ZMB,2011,5.565
United Arab Emirates,ARE,2016,5.561
Israel,ISR,2011,5.561
Togo,TGO,2016,5.559
Indonesia,IDN,2013,5.557
Qatar,QAT,2013,5.556
Greenland,GRL,2006,5.556
Solomon Islands,SLB,2016,5.555
Vietnam,VNM,2013,5.554
Bermuda,BMU,2006,5.544
Malta,MLT,2010,5.544
Togo,TGO,2009,5.538
Pakistan,PAK,2016,5.527
Lesotho,LSO,2008,5.522
Vietnam,VNM,2012,5.505
Indonesia,IDN,2006,5.501
Antigua and Barbuda,ATG,2016,5.496
South Sudan,SSD,2010,5.493
Papua New Guinea,PNG,2016,5.49
St. Lucia,LCA,2011,5.483
Malaysia,MYS,2012,5.473
Malta,MLT,2013,5.473
North Macedonia,MKD,2008,5.472
Bolivia,BOL,2014,5.461
India,IND,2012,5.456
Ukraine,UKR,2011,5.445
Bosnia and Herzegovina,BIH,2008,5.444
Thailand,THA,2007,5.435
Marshall Islands,MHL,2010,5.422
Paraguay,PRY,2007,5.422
Bahrain,BHR,2013,5.417
Bosnia and Herzegovina,BIH,2006,5.414
Burundi,BDI,2006,5.414
Saudi Arabia,SAU,2012,5.411
Papua New Guinea,PNG,2006,5.41
Madagascar,MDG,2006,5.399
Sierra Leone,SLE,2008,5.398
Vietnam,VNM,2009,5.398
Eswatini,SWZ,2012,5.397
Czechia,CZE,2015,5.388
Mauritius,MUS,2008,5.387
Belarus,BLR,2011,5.379
Mauritania,MRT,2015,5.376
Namibia,NAM,2007,5.374
Oman,OMN,2006,5.372
South Africa,ZAF,2007,5.36
Costa Rica,CRI,2010,5.36
Afghanistan,AFG,2006,5.357
Seychelles,SYC,2016,5.353
Guatemala,GTM,2006,5.351
Sierra Leone,SLE,2010,5.346
Kosovo,XKX,2013,5.341
Qatar,QAT,2014,5.334
"Congo, Dem. Rep.",COD,2006,5.321
Philippines,PHL,2006,5.316
Niger,NER,2013,5.315
Mali,MLI,2010,5.314
Ireland,IRL,2007,5.31
Nigeria,NGA,2011,5.308
Paraguay,PRY,2014,5.301
Liberia,LBR,2009,5.301
Finland,FIN,2007,5.299
Malaysia,MYS,2011,5.294
"Venezuela, RB",VEN,2008,5.278
Guyana,GUY,2012,5.276
Tanzania,TZA,2009,5.269
Lesotho,LSO,2010,5.266
"Korea, Rep.",KOR,2006,5.264
Gabon,GAB,2012,5.251
Morocco,MAR,2011,5.246
Tunisia,TUN,2006,5.244
"Gambia, The",GMB,2012,5.242
India,IND,2011,5.241
Solomon Islands,SLB,2013,5.238
Oman,OMN,2013,5.228
Bolivia,BOL,2011,5.204
Malawi,MWI,2013,5.2
Russian Federation,RUS,2008,5.2
Guyana,GUY,2011,5.196
Syrian Arab Republic,SYR,2010,5.192
Uganda,UGA,2015,5.188
Suriname,SUR,2010,5.169
Chile,CHL,2007,5.168
Slovak Republic,SVK,2015,5.167
Uruguay,URY,2011,5.162
Isle of Man,IMN,2014,5.155
"Egypt, Arab Rep.",EGY,2010,5.147
North Macedonia,MKD,2006,5.137
Kiribati,KIR,2012,5.136
Colombia,COL,2013,5.134
Guyana,GUY,2006,5.13
Burundi,BDI,2010,5.124
Bolivia,BOL,2012,5.122
Kenya,KEN,2011,5.121
Bhutan,BTN,2012,5.118
Mexico,MEX,2010,5.118
Suriname,SUR,2007,5.111
Serbia,SRB,2006,5.108
Uganda,UGA,2014,5.106
Haiti,HTI,2011,5.098
Cyprus,CYP,2007,5.098
Brazil,BRA,2008,5.094
Malaysia,MYS,2015,5.092
Namibia,NAM,2011,5.091
Nicaragua,NIC,2007,5.077
Panama,PAN,2014,5.066
Namibia,NAM,2012,5.062
Zambia,ZMB,2013,5.057
United Arab Emirates,ARE,2013,5.056
Central African Republic,CAF,2012,5.054
Sri Lanka,LKA,2016,5.054
Azerbaijan,AZE,2010,5.049
Oman,OMN,2016,5.046
Syrian Arab Republic,SYR,2006,5.046
Bangladesh,BGD,2009,5.045
Turkiye,TUR,2007,5.044
Poland,POL,2011,5.042
South Sudan,SSD,2009,5.042
Saudi Arabia,SAU,2010,5.039
Kosovo,XKX,2009,5.035
Indonesia,IDN,2016,5.033
Libya,LBY,2010,5.027
Jordan,JOR,2009,5.024
Kenya,KEN,2014,5.02
Oman,OMN,2015,5.017
Indonesia,IDN,2014,5.007
Croatia,HRV,2007,5.001
"Iran, Islamic Rep.",IRN,2006,5
Moldova,MDA,2014,5
Cameroon,CMR,2013,4.996
Ireland,IRL,2006,4.988
"Iran, Islamic Rep.",IRN,2014,4.985
Luxembourg,LUX,2016,4.978
Thailand,THA,2006,4.968
Kenya,KEN,2015,4.968
Panama,PAN,2016,4.953
Angola,AGO,2013,4.95
St. Lucia,LCA,2008,4.949
Ecuador,ECU,2013,4.947
Kosovo,XKX,2010,4.94
Turkiye,TUR,2014,4.94
Nicaragua,NIC,2013,4.928
Burundi,BDI,2013,4.924
Isle of Man,IMN,2008,4.9
Benin,BEN,2008,4.897
Croatia,HRV,2006,4.887
Costa Rica,CRI,2012,4.883
Channel Islands,CHI,2006,4.882
Indonesia,IDN,2015,4.876
Dominican Republic,DOM,2013,4.875
Mauritius,MUS,2006,4.866
Monaco,MCO,2015,4.863
Burundi,BDI,2008,4.862
Angola,AGO,2010,4.86
Timor-Leste,TLS,2012,4.859
Bolivia,BOL,2015,4.857
Malawi,MWI,2011,4.854
Ghana,GHA,2009,4.844
Pakistan,PAK,2007,4.833
Malaysia,MYS,2008,4.832
"Yemen, Rep.",YEM,2013,4.824
Angola,AGO,2014,4.82
Singapore,SGP,2013,4.818
Nepal,NPL,2010,4.816
Sao Tome and Principe,STP,2013,4.815
"Hong Kong SAR, China",HKG,2011,4.815
Guinea,GIN,2010,4.813
Benin,BEN,2012,4.811
Andorra,AND,2006,4.809
Paraguay,PRY,2006,4.807
Mali,MLI,2009,4.806
Kazakhstan,KAZ,2012,4.8
Moldova,MDA,2006,4.8
Bhutan,BTN,2008,4.799
Bolivia,BOL,2006,4.797
Nicaragua,NIC,2015,4.792
Turkiye,TUR,2012,4.788
Nicaragua,NIC,2014,4.786
Cote d'Ivoire,CIV,2008,4.783
Uganda,UGA,2016,4.781
United Arab Emirates,ARE,2012,4.777
Malta,MLT,2007,4.775
Mali,MLI,2008,4.773
Central African Republic,CAF,2006,4.771
Trinidad and Tobago,TTO,2007,4.754
Dominica,DMA,2014,4.754
Qatar,QAT,2015,4.753
Central African Republic,CAF,2016,4.75
Tonga,TON,2008,4.75
Greenland,GRL,2014,4.742
Costa Rica,CRI,2008,4.738
Fiji,FJI,2013,4.734
Pakistan,PAK,2015,4.731
Qatar,QAT,2012,4.73
Iraq,IRQ,2015,4.723
Rwanda,RWA,2013,4.72
Cyprus,CYP,2006,4.714
Haiti,HTI,2007,4.707
Cabo Verde,CPV,2016,4.706
Armenia,ARM,2011,4.7
Malawi,MWI,2006,4.7
West Bank and Gaza,PSE,2013,4.699
Zambia,ZMB,2014,4.698
Malaysia,MYS,2013,4.694
Vanuatu,VUT,2016,4.689
Greenland,GRL,2016,4.682
Pakistan,PAK,2014,4.675
"Egypt, Arab Rep.",EGY,2009,4.674
Nepal,NPL,2012,4.67
Sweden,SWE,2006,4.663
Mali,MLI,2006,4.662
Sudan,SDN,2014,4.661
Dominica,DMA,2006,4.659
Papua New Guinea,PNG,2012,4.657
Uruguay,URY,2013,4.638
Central African Republic,CAF,2010,4.631
Indonesia,IDN,2009,4.629
Cameroon,CMR,2012,4.626
"Micronesia, Fed. Sts.",FSM,2015,4.622
Lesotho,LSO,2011,4.614
Guinea-Bissau,GNB,2010,4.611
Central African Republic,CAF,2007,4.608
Sint Maarten (Dutch part),SXM,2011,4.6
Belize,BLZ,2006,4.585
Kenya,KEN,2012,4.569
Bolivia,BOL,2007,4.564
Nicaragua,NIC,2016,4.564
Sierra Leone,SLE,2014,4.557
Iceland,ISL,2013,4.552
Cameroon,CMR,2016,4.536
Morocco,MAR,2013,4.535
Nepal,NPL,2009,4.533
Belize,BLZ,2013,4.529
Israel,ISR,2016,4.522
Romania,ROU,2011,4.517
Seychelles,SYC,2014,4.505
Fiji,FJI,2015,4.501
Tanzania,TZA,2012,4.5
Russian Federation,RUS,2010,4.5
Colombia,COL,2014,4.499
Mexico,MEX,2006,4.495
Colombia,COL,2010,4.495
Sweden,SWE,2015,4.489
Syrian Arab Republic,SYR,2008,4.477
Timor-Leste,TLS,2014,4.472
Mauritania,MRT,2012,4.47
Comoros,COM,2013,4.466
Oman,OMN,2007,4.453
Malaysia,MYS,2016,4.45
Burundi,BDI,2012,4.447
Guatemala,GTM,2014,4.444
Cuba,CUB,2015,4.438
Iceland,ISL,2015,4.437
Singapore,SGP,2012,4.435
Eswatini,SWZ,2007,4.435
Georgia,GEO,2014,4.432
Israel,ISR,2013,4.416
Nicaragua,NIC,2010,4.41
Moldova,MDA,2016,4.409
Ecuador,ECU,2006,4.404
Costa Rica,CRI,2011,4.403
Sao Tome and Principe,STP,2011,4.398
Brunei Darussalam,BRN,2006,4.398
Pakistan,PAK,2013,4.396
Niger,NER,2015,4.393
Poland,POL,2015,4.383
Mauritius,MUS,2010,4.377
"Egypt, Arab Rep.",EGY,2015,4.372
Bahrain,BHR,2014,4.35
El Salvador,SLV,2006,4.348
Tuvalu,TUV,2013,4.348
Ghana,GHA,2007,4.347
"Egypt, Arab Rep.",EGY,2016,4.347
Morocco,MAR,2015,4.345
Philippines,PHL,2008,4.344
Central African Republic,CAF,2015,4.337
Kyrgyz Republic,KGZ,2016,4.336
Bahrain,BHR,2010,4.334
Cameroon,CMR,2007,4.328
Burkina Faso,BFA,2014,4.327
Haiti,HTI,2013,4.325
Gabon,GAB,2014,4.315
Russian Federation,RUS,2011,4.3
Paraguay,PRY,2011,4.286
Mauritania,MRT,2014,4.275
Paraguay,PRY,2016,4.268
Namibia,NAM,2015,4.264
Bolivia,BOL,2016,4.264
Morocco,MAR,2009,4.244
Uruguay,URY,2009,4.243
Burundi,BDI,2014,4.241
Tunisia,TUN,2008,4.238
Hungary,HUN,2014,4.232
Honduras,HND,2008,4.232
Lesotho,LSO,2006,4.23
Nigeria,NGA,2012,4.23
Sierra Leone,SLE,2006,4.224
Chad,TCD,2009,4.218
Tunisia,TUN,2012,4.217
Kenya,KEN,2016,4.214
Sri Lanka,LKA,2015,4.206
Costa Rica,CRI,2016,4.204
Kazakhstan,KAZ,2014,4.2
Poland,POL,2008,4.2
Central African Republic,CAF,2011,4.195
Lesotho,LSO,2007,4.188
Germany,DEU,2010,4.18
Northern Mariana Islands,MNP,2014,4.178
"Venezuela, RB",VEN,2011,4.176
Mauritania,MRT,2011,4.173
United Arab Emirates,ARE,2014,4.166
Sao Tome and Principe,STP,2016,4.165
Guatemala,GTM,2011,4.164
Kiribati,KIR,2013,4.162
Nicaragua,NIC,2006,4.153
Mauritania,MRT,2013,4.151
St. Vincent and the Grenadines,VCT,2016,4.15
Comoros,COM,2011,4.144
Suriname,SUR,2008,4.143
Isle of Man,IMN,2013,4.142
Guyana,GUY,2010,4.138
Solomon Islands,SLB,2006,4.138
Guinea,GIN,2008,4.133
Honduras,HND,2012,4.129
Bolivia,BOL,2010,4.127
Romania,ROU,2014,4.121
Malta,MLT,2012,4.119
Cuba,CUB,2008,4.117
Burkina Faso,BFA,2007,4.111
Saudi Arabia,SAU,2015,4.106
Spain,ESP,2006,4.103
Uruguay,URY,2006,4.099
Japan,JPN,2010,4.098
Guatemala,GTM,2015,4.092
Ukraine,UKR,2010,4.092
Belize,BLZ,2014,4.09
Mauritius,MUS,2011,4.078
Switzerland,CHE,2006,4.074
Togo,TGO,2008,4.062
"Gambia, The",GMB,2015,4.058
Argentina,ARG,2008,4.057
Sri Lanka,LKA,2013,4.052
Burundi,BDI,2011,4.033
Finland,FIN,2006,4.027
Russian Federation,RUS,2012,4.024
Kyrgyz Republic,KGZ,2014,4.024
Virgin Islands (U.S.),VIR,2007,4.011
Senegal,SEN,2012,4.003
Madagascar,MDG,2016,3.993
Nepal,NPL,2015,3.976
Brazil,BRA,2011,3.974
Cabo Verde,CPV,2011,3.969
Comoros,COM,2008,3.965
Brazil,BRA,2006,3.962
Peru,PER,2016,3.953
Hungary,HUN,2006,3.946
Guinea,GIN,2013,3.946
Benin,BEN,2006,3.944
Singapore,SGP,2014,3.936
St. Kitts and Nevis,KNA,2016,3.93
Germany,DEU,2011,3.925
Afghanistan,AFG,2008,3.925
Burkina Faso,BFA,2015,3.921
Israel,ISR,2014,3.919
Switzerland,CHE,2007,3.916
Denmark,DNK,2006,3.913
Colombia,COL,2012,3.913
Sao Tome and Principe,STP,2015,3.911
Australia,AUS,2012,3.902
Tajikistan,TJK,2009,3.9
Honduras,HND,2016,3.893
Latvia,LVA,2015,3.885
Gabon,GAB,2015,3.879
Eritrea,ERI,2009,3.877
Kyrgyz Republic,KGZ,2015,3.876
"Yemen, Rep.",YEM,2009,3.866
Mauritius,MUS,2016,3.862
Eswatini,SWZ,2013,3.861
Belize,BLZ,2012,3.858
Sudan,SDN,2010,3.858
Philippines,PHL,2011,3.858
North Macedonia,MKD,2015,3.856
Samoa,WSM,2015,3.85
Samoa,WSM,2011,3.849
Sudan,SDN,2008,3.847
Lithuania,LTU,2012,3.844
Trinidad and Tobago,TTO,2013,3.844
Honduras,HND,2015,3.84
Spain,ESP,2015,3.839
Uganda,UGA,2012,3.837
Poland,POL,2014,3.837
Honduras,HND,2011,3.836
San Marino,SMR,2006,3.83
Lebanon,LBN,2013,3.828
Mauritius,MUS,2014,3.827
Guinea,GIN,2015,3.826
Malta,MLT,2008,3.826
Antigua and Barbuda,ATG,2015,3.825
Papua New Guinea,PNG,2013,3.825
Mozambique,MOZ,2016,3.824
Germany,DEU,2006,3.816
Morocco,MAR,2010,3.816
New Zealand,NZL,2014,3.815
Burundi,BDI,2009,3.813
Cameroon,CMR,2006,3.81
Guyana,GUY,2016,3.808
El Salvador,SLV,2011,3.807
Algeria,DZA,2014,3.8
Kenya,KEN,2013,3.798
Antigua and Barbuda,ATG,2014,3.796
Eswatini,SWZ,2010,3.794
Chile,CHL,2008,3.789
Ecuador,ECU,2014,3.789
West Bank and Gaza,PSE,2007,3.788
Australia,AUS,2007,3.778
Comoros,COM,2010,3.778
Zambia,ZMB,2016,3.777
Netherlands,NLD,2007,3.773
New Zealand,NZL,2016,3.767
Luxembourg,LUX,2010,3.76
St. Lucia,LCA,2016,3.753
Brunei Darussalam,BRN,2011,3.745
New Zealand,NZL,2015,3.744
Grenada,GRD,2016,3.741
Honduras,HND,2010,3.731
Bahrain,BHR,2012,3.728
Austria,AUT,2007,3.727
West Bank and Gaza,PSE,2015,3.721
Andorra,AND,2016,3.71
Hungary,HUN,2015,3.707
Albania,ALB,2010,3.707
Nauru,NRU,2015,3.704
Senegal,SEN,2008,3.703
Algeria,DZA,2015,3.7
Guinea,GIN,2014,3.697
Guatemala,GTM,2013,3.695
Mauritius,MUS,2015,3.691
"Korea, Rep.",KOR,2011,3.686
Marshall Islands,MHL,2013,3.68
Belgium,BEL,2007,3.677
Marshall Islands,MHL,2009,3.673
Mexico,MEX,2011,3.663
Guyana,GUY,2013,3.654
Saudi Arabia,SAU,2014,3.652
Costa Rica,CRI,2015,3.652
"Yemen, Rep.",YEM,2008,3.648
Cyprus,CYP,2008,3.647
Mexico,MEX,2012,3.642
Sao Tome and Principe,STP,2007,3.641
Solomon Islands,SLB,2007,3.64
North Macedonia,MKD,2014,3.629
Georgia,GEO,2013,3.621
Guyana,GUY,2009,3.612
Lesotho,LSO,2016,3.605
Spain,ESP,2007,3.605
Cote d'Ivoire,CIV,2009,3.603
Armenia,ARM,2014,3.6
Algeria,DZA,2010,3.6
Uganda,UGA,2013,3.587
Nauru,NRU,2016,3.571
Australia,AUS,2008,3.568
Singapore,SGP,2016,3.562
Croatia,HRV,2016,3.559
Bahrain,BHR,2016,3.558
Samoa,WSM,2008,3.556
Lithuania,LTU,2013,3.55
Montenegro,MNE,2013,3.549
Aruba,ABW,2015,3.544
Costa Rica,CRI,2014,3.542
Sri Lanka,LKA,2009,3.539
Uruguay,URY,2012,3.538
Lithuania,LTU,2014,3.537
Morocco,MAR,2007,3.532
Ecuador,ECU,2010,3.525
Nepal,NPL,2013,3.525
Slovenia,SVN,2008,3.51
Pakistan,PAK,2012,3.507
Virgin Islands (U.S.),VIR,2006,3.505
Mauritius,MUS,2012,3.496
Mali,MLI,2007,3.494
Angola,AGO,2011,3.47
Sudan,SDN,2016,3.468
Netherlands,NLD,2006,3.461
Austria,AUT,2006,3.454
Burundi,BDI,2007,3.452
Monaco,MCO,2016,3.452
French Polynesia,PYF,2015,3.447
Sweden,SWE,2007,3.439
Nicaragua,NIC,2008,3.436
Thailand,THA,2016,3.435
Bulgaria,BGR,2015,3.428
Nepal,NPL,2011,3.422
Cyprus,CYP,2015,3.419
Nepal,NPL,2007,3.412
Algeria,DZA,2012,3.4
Algeria,DZA,2007,3.4
Isle of Man,IMN,2010,3.4
Marshall Islands,MHL,2007,3.392
Trinidad and Tobago,TTO,2008,3.392
"Macao SAR, China",MAC,2008,3.392
Senegal,SEN,2010,3.391
Montenegro,MNE,2015,3.39
Jordan,JOR,2014,3.384
Northern Mariana Islands,MNP,2015,3.383
Timor-Leste,TLS,2016,3.383
Malta,MLT,2016,3.381
Iraq,IRQ,2009,3.379
Cameroon,CMR,2011,3.379
South Sudan,SSD,2014,3.374
Ghana,GHA,2016,3.373
Antigua and Barbuda,ATG,2012,3.373
Guinea-Bissau,GNB,2009,3.369
Belize,BLZ,2015,3.368
Aruba,ABW,2011,3.367
French Polynesia,PYF,2016,3.367
Nepal,NPL,2006,3.365
Mauritius,MUS,2013,3.36
North Macedonia,MKD,2010,3.359
Bolivia,BOL,2009,3.357
Albania,ALB,2009,3.354
Kosovo,XKX,2014,3.349
Bermuda,BMU,2007,3.345
Benin,BEN,2016,3.34
Madagascar,MDG,2014,3.339
Serbia,SRB,2016,3.339
"Yemen, Rep.",YEM,2007,3.338
Liechtenstein,LIE,2007,3.326
Trinidad and Tobago,TTO,2010,3.323
Turkiye,TUR,2016,3.323
St. Vincent and the Grenadines,VCT,2007,3.323
Trinidad and Tobago,TTO,2014,3.323
Comoros,COM,2016,3.32
Mauritius,MUS,2009,3.315
Albania,ALB,2016,3.315
Chile,CHL,2013,3.309
Kenya,KEN,2009,3.307
Kazakhstan,KAZ,2008,3.3
Armenia,ARM,2013,3.3
Guatemala,GTM,2008,3.294
Mexico,MEX,2015,3.293
Colombia,COL,2008,3.283
Myanmar,MMR,2015,3.277
Belize,BLZ,2007,3.275
Greece,GRC,2007,3.274
Chad,TCD,2007,3.271
Guinea-Bissau,GNB,2007,3.263
Guinea-Bissau,GNB,2013,3.256
Peru,PER,2015,3.252
Botswana,BWA,2008,3.252
Israel,ISR,2008,3.251
Denmark,DNK,2016,3.246
Switzerland,CHE,2010,3.243
Comoros,COM,2009,3.241
Cayman Islands,CYM,2016,3.24
Uruguay,URY,2014,3.239
Montenegro,MNE,2011,3.228
Estonia,EST,2012,3.228
Mali,MLI,2011,3.213
Dominican Republic,DOM,2008,3.21
Guinea-Bissau,GNB,2008,3.204
"Korea, Rep.",KOR,2014,3.202
Algeria,DZA,2016,3.2
Armenia,ARM,2015,3.2
Sint Maarten (Dutch part),SXM,2010,3.2
United Kingdom,GBR,2014,3.2
Zimbabwe,ZWE,2013,3.197
Sweden,SWE,2011,3.195
Slovenia,SVN,2016,3.192
United Arab Emirates,ARE,2008,3.192
South Africa,ZAF,2008,3.191
"Micronesia, Fed. Sts.",FSM,2011,3.189
Sierra Leone,SLE,2009,3.188
Finland,FIN,2010,3.186
United Arab Emirates,ARE,2007,3.184
Luxembourg,LUX,2013,3.172
"Yemen, Rep.",YEM,2006,3.17
South Africa,ZAF,2011,3.169
Comoros,COM,2012,3.168
"Korea, Rep.",KOR,2013,3.165
Cayman Islands,CYM,2007,3.163
Romania,ROU,2015,3.161
Estonia,EST,2016,3.156
St. Kitts and Nevis,KNA,2006,3.15
Bosnia and Herzegovina,BIH,2016,3.15
American Samoa,ASM,2015,3.15
Canada,CAN,2011,3.147
Niger,NER,2007,3.143
Sao Tome and Principe,STP,2012,3.142
Vanuatu,VUT,2011,3.14
Vanuatu,VUT,2014,3.137
Thailand,THA,2015,3.134
Dominican Republic,DOM,2011,3.133
Madagascar,MDG,2015,3.132
Lesotho,LSO,2015,3.128
Kyrgyz Republic,KGZ,2006,3.103
Timor-Leste,TLS,2013,3.103
"Hong Kong SAR, China",HKG,2013,3.102
Aruba,ABW,2007,3.097
Tunisia,TUN,2014,3.09
Canada,CAN,2010,3.089
Bosnia and Herzegovina,BIH,2015,3.089
"Bahamas, The",BHS,2012,3.087
India,IND,2008,3.087
Qatar,QAT,2016,3.064
Honduras,HND,2014,3.058
Chad,TCD,2008,3.053
Tunisia,TUN,2009,3.043
"Gambia, The",GMB,2007,3.043
Bulgaria,BGR,2016,3.04
South Africa,ZAF,2010,3.04
Spain,ESP,2016,3.038
Vanuatu,VUT,2009,3.037
New Zealand,NZL,2007,3.028
Georgia,GEO,2015,3.022
Cuba,CUB,2012,3.015
Suriname,SUR,2009,3.014
"Korea, Rep.",KOR,2008,3.013
Estonia,EST,2014,3.011
Madagascar,MDG,2012,3.011
Morocco,MAR,2012,3.01
Brazil,BRA,2013,3.005
Moldova,MDA,2007,3
Norway,NOR,2007,2.994
Singapore,SGP,2015,2.977
Germany,DEU,2007,2.976
Guatemala,GTM,2012,2.975
Tunisia,TUN,2010,2.971
Benin,BEN,2011,2.964
Burkina Faso,BFA,2009,2.962
Paraguay,PRY,2015,2.957
Colombia,COL,2015,2.956
Fiji,FJI,2010,2.955
Poland,POL,2016,2.954
Montenegro,MNE,2016,2.949
"Korea, Rep.",KOR,2016,2.947
Poland,POL,2010,2.935
Suriname,SUR,2013,2.933
Kuwait,KWT,2016,2.926
North Macedonia,MKD,2013,2.925
Austria,AUT,2011,2.923
Zambia,ZMB,2015,2.92
"Egypt, Arab Rep.",EGY,2014,2.916
Georgia,GEO,2016,2.906
Algeria,DZA,2011,2.9
Jamaica,JAM,2006,2.899
Cameroon,CMR,2010,2.899
Oman,OMN,2011,2.895
Serbia,SRB,2013,2.893
Kyrgyz Republic,KGZ,2009,2.886
Maldives,MDV,2015,2.885
Guatemala,GTM,2010,2.884
New Zealand,NZL,2006,2.881
Vanuatu,VUT,2007,2.876
"Gambia, The",GMB,2013,2.873
Canada,CAN,2014,2.87
Belgium,BEL,2010,2.864
Solomon Islands,SLB,2009,2.864
Romania,ROU,2016,2.858
Ghana,GHA,2014,2.856
"Congo, Dem. Rep.",COD,2009,2.855
Syrian Arab Republic,SYR,2011,2.85
Mexico,MEX,2014,2.85
North Macedonia,MKD,2016,2.848
Cameroon,CMR,2008,2.848
Cayman Islands,CYM,2015,2.833
Poland,POL,2009,2.832
Pakistan,PAK,2009,2.832
Senegal,SEN,2007,2.827
El Salvador,SLV,2012,2.823
Cote d'Ivoire,CIV,2006,2.816
Finland,FIN,2016,2.811
"Korea, Rep.",KOR,2015,2.809
Switzerland,CHE,2008,2.808
Cuba,CUB,2011,2.802
Malawi,MWI,2015,2.8
Algeria,DZA,2013,2.8
Honduras,HND,2013,2.792
Saudi Arabia,SAU,2006,2.788
St. Vincent and the Grenadines,VCT,2015,2.785
United States,USA,2006,2.783
Slovenia,SVN,2014,2.768
Chad,TCD,2015,2.768
Dominica,DMA,2016,2.764
Timor-Leste,TLS,2015,2.763
"Hong Kong SAR, China",HKG,2014,2.762
Senegal,SEN,2009,2.752
Azerbaijan,AZE,2014,2.751
Pakistan,PAK,2011,2.748
Cuba,CUB,2013,2.748
Australia,AUS,2006,2.741
Jordan,JOR,2011,2.737
Montenegro,MNE,2010,2.734
Argentina,ARG,2015,2.731
Australia,AUS,2016,2.731
Afghanistan,AFG,2014,2.725
Dominican Republic,DOM,2012,2.717
United States,USA,2010,2.709
United States,USA,2015,2.706
Fiji,FJI,2011,2.705
Norway,NOR,2012,2.703
Saudi Arabia,SAU,2013,2.699
Slovak Republic,SVK,2014,2.697
New Zealand,NZL,2013,2.695
Suriname,SUR,2012,2.69
Thailand,THA,2013,2.687
Czechia,CZE,2008,2.686
Northern Mariana Islands,MNP,2013,2.681
Guatemala,GTM,2016,2.678
Slovak Republic,SVK,2011,2.671
Haiti,HTI,2008,2.658
Sweden,SWE,2014,2.658
Cayman Islands,CYM,2014,2.655
Nigeria,NGA,2015,2.653
Togo,TGO,2006,2.65
Namibia,NAM,2008,2.65
Comoros,COM,2006,2.647
"Iran, Islamic Rep.",IRN,2011,2.646
Canada,CAN,2006,2.634
Mexico,MEX,2016,2.631
Luxembourg,LUX,2014,2.623
Mauritania,MRT,2010,2.62
Lithuania,LTU,2008,2.614
Jordan,JOR,2013,2.61
Brunei Darussalam,BRN,2010,2.599
Israel,ISR,2012,2.588
Cameroon,CMR,2009,2.579
Australia,AUS,2014,2.579
Australia,AUS,2013,2.579
Latvia,LVA,2011,2.574
Lebanon,LBN,2012,2.565
United Kingdom,GBR,2007,2.563
Haiti,HTI,2015,2.563
Belgium,BEL,2006,2.552
Finland,FIN,2011,2.548
Albania,ALB,2011,2.545
Bahrain,BHR,2009,2.54
El Salvador,SLV,2016,2.539
Czechia,CZE,2016,2.537
Barbados,BRB,2016,2.533
Croatia,HRV,2015,2.522
Lithuania,LTU,2016,2.519
Maldives,MDV,2012,2.517
"Bahamas, The",BHS,2006,2.517
Malta,MLT,2006,2.51
Portugal,PRT,2007,2.507
Andorra,AND,2014,2.504
Jordan,JOR,2015,2.497
Costa Rica,CRI,2013,2.495
Israel,ISR,2015,2.486
South Africa,ZAF,2013,2.485
Bahrain,BHR,2015,2.485
Lebanon,LBN,2014,2.484
Malawi,MWI,2016,2.484
Kuwait,KWT,2008,2.48
Barbados,BRB,2015,2.473
Curacao,CUW,2007,2.47
Solomon Islands,SLB,2012,2.466
St. Vincent and the Grenadines,VCT,2013,2.462
France,FRA,2006,2.449
Fiji,FJI,2016,2.446
Estonia,EST,2010,2.444
Ukraine,UKR,2016,2.441
Tuvalu,TUV,2006,2.439
Czechia,CZE,2010,2.435
United Kingdom,GBR,2010,2.43
Tunisia,TUN,2013,2.43
Jordan,JOR,2012,2.429
Sao Tome and Principe,STP,2009,2.426
France,FRA,2007,2.425
Georgia,GEO,2008,2.419
Senegal,SEN,2013,2.412
Argentina,ARG,2013,2.405
"Korea, Rep.",KOR,2012,2.403
Algeria,DZA,2008,2.4
El Salvador,SLV,2015,2.4
Norway,NOR,2006,2.4
"Congo, Dem. Rep.",COD,2016,2.399
South Africa,ZAF,2012,2.396
United Kingdom,GBR,2015,2.393
"Yemen, Rep.",YEM,2012,2.393
Australia,AUS,2011,2.391
Cuba,CUB,2010,2.39
"Hong Kong SAR, China",HKG,2015,2.388
Peru,PER,2014,2.382
Mongolia,MNG,2015,2.38
Latvia,LVA,2016,2.369
Niger,NER,2011,2.358
Greenland,GRL,2007,2.352
Grenada,GRD,2013,2.351
Switzerland,CHE,2014,2.35
Bosnia and Herzegovina,BIH,2013,2.35
San Marino,SMR,2016,2.344
Denmark,DNK,2015,2.343
North Macedonia,MKD,2011,2.34
Senegal,SEN,2006,2.331
Canada,CAN,2013,2.329
Benin,BEN,2009,2.319
Jordan,JOR,2010,2.315
Guinea-Bissau,GNB,2006,2.309
Madagascar,MDG,2013,2.3
Mali,MLI,2013,2.295
San Marino,SMR,2015,2.292
Mexico,MEX,2007,2.291
United States,USA,2014,2.288
Cyprus,CYP,2010,2.284
United States,USA,2012,2.281
Luxembourg,LUX,2015,2.27
Guam,GUM,2010,2.263
Czechia,CZE,2014,2.262
Afghanistan,AFG,2016,2.26
"Micronesia, Fed. Sts.",FSM,2010,2.259
New Zealand,NZL,2011,2.252
Eswatini,SWZ,2011,2.247
New Zealand,NZL,2012,2.245
Ukraine,UKR,2008,2.243
El Salvador,SLV,2013,2.236
Germany,DEU,2016,2.23
Eswatini,SWZ,2015,2.227
"Egypt, Arab Rep.",EGY,2012,2.226
Albania,ALB,2015,2.219
Slovenia,SVN,2015,2.21
Germany,DEU,2014,2.21
Iceland,ISL,2008,2.209
Australia,AUS,2010,2.207
"Congo, Rep.",COG,2011,2.206
Hungary,HUN,2016,2.201
Armenia,ARM,2010,2.2
Eritrea,ERI,2010,2.194
France,FRA,2011,2.193
Netherlands,NLD,2016,2.192
Ecuador,ECU,2007,2.19
Curacao,CUW,2008,2.188
"Egypt, Arab Rep.",EGY,2013,2.185
"Hong Kong SAR, China",HKG,2016,2.175
Netherlands,NLD,2008,2.17
Azerbaijan,AZE,2012,2.165
United Kingdom,GBR,2016,2.165
United Kingdom,GBR,2006,2.16
Australia,AUS,2015,2.153
Chile,CHL,2015,2.152
Guam,GUM,2012,2.134
Samoa,WSM,2006,2.132
El Salvador,SLV,2008,2.131
"Hong Kong SAR, China",HKG,2008,2.128
Ghana,GHA,2015,2.121
Bhutan,BTN,2013,2.12
Aruba,ABW,2016,2.117
Benin,BEN,2010,2.114
Marshall Islands,MHL,2015,2.111
El Salvador,SLV,2010,2.108
Comoros,COM,2014,2.107
Bulgaria,BGR,2011,2.101
Isle of Man,IMN,2009,2.1
Monaco,MCO,2010,2.1
Gabon,GAB,2016,2.091
Colombia,COL,2016,2.087
Barbados,BRB,2007,2.078
Sweden,SWE,2016,2.071
Canada,CAN,2007,2.069
Switzerland,CHE,2016,2.069
Central African Republic,CAF,2008,2.054
Belgium,BEL,2015,2.041
Serbia,SRB,2011,2.036
Kiribati,KIR,2007,2.035
Guam,GUM,2008,2.035
Lithuania,LTU,2015,2.025
Zimbabwe,ZWE,2015,2.024
Palau,PLW,2007,2.021
Portugal,PRT,2016,2.019
Tonga,TON,2014,2.019
Marshall Islands,MHL,2016,2.016
United States,USA,2007,2.011
Latvia,LVA,2013,2.008
Ireland,IRL,2016,2.007
Japan,JPN,2013,2.005
Croatia,HRV,2008,2.002
Isle of Man,IMN,2011,2
Jordan,JOR,2016,1.994
Austria,AUT,2016,1.989
Bahrain,BHR,2011,1.984
Norway,NOR,2014,1.97
Norway,NOR,2015,1.967
Niger,NER,2009,1.963
Netherlands,NLD,2015,1.959
Sudan,SDN,2013,1.955
France,FRA,2010,1.949
Slovak Republic,SVK,2016,1.944
"Gambia, The",GMB,2016,1.943
Romania,ROU,2012,1.925
Brazil,BRA,2012,1.921
Sudan,SDN,2015,1.91
Latvia,LVA,2014,1.902
Malawi,MWI,2012,1.886
Iraq,IRQ,2007,1.886
Denmark,DNK,2010,1.871
Australia,AUS,2009,1.87
Hungary,HUN,2011,1.867
Singapore,SGP,2008,1.863
El Salvador,SLV,2007,1.858
Estonia,EST,2015,1.853
Fiji,FJI,2006,1.852
American Samoa,ASM,2007,1.852
"Bahamas, The",BHS,2014,1.847
Saudi Arabia,SAU,2007,1.847
Iceland,ISL,2011,1.846
United States,USA,2013,1.842
Austria,AUT,2010,1.837
Aruba,ABW,2008,1.833
United Kingdom,GBR,2013,1.82
Switzerland,CHE,2011,1.813
Haiti,HTI,2016,1.812
Serbia,SRB,2015,1.806
Hungary,HUN,2013,1.803
Liechtenstein,LIE,2008,1.798
Guam,GUM,2014,1.793
Chile,CHL,2014,1.793
Lesotho,LSO,2013,1.793
Switzerland,CHE,2013,1.792
Portugal,PRT,2015,1.792
Italy,ITA,2006,1.791
Montenegro,MNE,2014,1.784
Benin,BEN,2015,1.778
Albania,ALB,2014,1.774
Haiti,HTI,2006,1.769
"Egypt, Arab Rep.",EGY,2011,1.765
American Samoa,ASM,2014,1.763
Kiribati,KIR,2011,1.763
Canada,CAN,2012,1.762
Czechia,CZE,2011,1.76
Russian Federation,RUS,2013,1.755
Guyana,GUY,2008,1.755
Chile,CHL,2016,1.753
Portugal,PRT,2010,1.738
Greenland,GRL,2010,1.736
Jamaica,JAM,2011,1.73
Belarus,BLR,2014,1.726
Thailand,THA,2008,1.726
Haiti,HTI,2014,1.723
Oman,OMN,2010,1.714
Italy,ITA,2010,1.713
Kosovo,XKX,2012,1.712
Lesotho,LSO,2014,1.711
El Salvador,SLV,2014,1.709
Pakistan,PAK,2008,1.701
"Hong Kong SAR, China",HKG,2012,1.7
Algeria,DZA,2006,1.7
Belgium,BEL,2011,1.695
St. Lucia,LCA,2007,1.692
Guam,GUM,2013,1.69
Uruguay,URY,2016,1.69
Iceland,ISL,2014,1.687
Belarus,BLR,2012,1.687
Guyana,GUY,2014,1.686
Ireland,IRL,2010,1.683
Solomon Islands,SLB,2015,1.676
Palau,PLW,2012,1.673
Saudi Arabia,SAU,2016,1.671
United States,USA,2016,1.667
Lithuania,LTU,2010,1.651
Luxembourg,LUX,2012,1.65
Switzerland,CHE,2015,1.645
Curacao,CUW,2006,1.636
Portugal,PRT,2006,1.625
Denmark,DNK,2014,1.619
St. Kitts and Nevis,KNA,2011,1.617
Pakistan,PAK,2010,1.607
St. Lucia,LCA,2010,1.604
United Arab Emirates,ARE,2010,1.603
Virgin Islands (U.S.),VIR,2016,1.601
Algeria,DZA,2009,1.6
Sint Maarten (Dutch part),SXM,2014,1.58
Belgium,BEL,2014,1.579
Madagascar,MDG,2011,1.578
Eswatini,SWZ,2009,1.565
Japan,JPN,2015,1.561
Lebanon,LBN,2016,1.555
Andorra,AND,2007,1.553
Netherlands,NLD,2011,1.551
United States,USA,2011,1.55
Lebanon,LBN,2006,1.55
Poland,POL,2012,1.545
Bulgaria,BGR,2010,1.542
"Bahamas, The",BHS,2010,1.538
New Zealand,NZL,2010,1.524
Germany,DEU,2015,1.492
Mongolia,MNG,2016,1.49
Italy,ITA,2007,1.487
Zimbabwe,ZWE,2014,1.485
Japan,JPN,2007,1.484
Cabo Verde,CPV,2010,1.467
Austria,AUT,2008,1.46
Estonia,EST,2013,1.458
Afghanistan,AFG,2015,1.451
Cuba,CUB,2009,1.451
United Kingdom,GBR,2012,1.448
Philippines,PHL,2009,1.448
"Bahamas, The",BHS,2007,1.447
Andorra,AND,2015,1.434
Jamaica,JAM,2007,1.432
Eritrea,ERI,2007,1.427
Netherlands,NLD,2014,1.423
Albania,ALB,2012,1.417
St. Lucia,LCA,2014,1.416
South Africa,ZAF,2014,1.414
Fiji,FJI,2012,1.411
Northern Mariana Islands,MNP,2010,1.396
Spain,ESP,2014,1.396
Greenland,GRL,2012,1.394
Sint Maarten (Dutch part),SXM,2012,1.391
Jamaica,JAM,2016,1.375
Japan,JPN,2012,1.375
Japan,JPN,2006,1.372
Mexico,MEX,2013,1.354
Slovenia,SVN,2010,1.344
Equatorial Guinea,GNQ,2009,1.343
"Venezuela, RB",VEN,2013,1.343
Netherlands,NLD,2010,1.343
Denmark,DNK,2011,1.337
Senegal,SEN,2011,1.334
South Africa,ZAF,2015,1.322
Slovak Republic,SVK,2012,1.319
Sint Maarten (Dutch part),SXM,2013,1.307
Italy,ITA,2016,1.293
Oman,OMN,2014,1.292
Cayman Islands,CYM,2013,1.279
"Macao SAR, China",MAC,2009,1.274
Belgium,BEL,2016,1.267
Mauritania,MRT,2016,1.261
Seychelles,SYC,2012,1.261
Vanuatu,VUT,2010,1.259
Belize,BLZ,2010,1.256
Panama,PAN,2009,1.243
Cayman Islands,CYM,2012,1.23
Virgin Islands (U.S.),VIR,2008,1.219
Kazakhstan,KAZ,2015,1.2
Kazakhstan,KAZ,2009,1.2
Guinea,GIN,2006,1.19
Solomon Islands,SLB,2014,1.189
Sweden,SWE,2013,1.188
Switzerland,CHE,2012,1.179
Tonga,TON,2015,1.172
St. Vincent and the Grenadines,VCT,2012,1.169
Cayman Islands,CYM,2011,1.169
Bosnia and Herzegovina,BIH,2014,1.154
Kuwait,KWT,2013,1.149
Comoros,COM,2015,1.147
St. Vincent and the Grenadines,VCT,2014,1.146
Mexico,MEX,2008,1.144
Colombia,COL,2009,1.14
Aruba,ABW,2006,1.139
Ireland,IRL,2013,1.126
Tunisia,TUN,2016,1.118
France,FRA,2015,1.113
Papua New Guinea,PNG,2011,1.108
Cote d'Ivoire,CIV,2007,1.101
Kazakhstan,KAZ,2016,1.1
Peru,PER,2009,1.096
France,FRA,2016,1.095
Azerbaijan,AZE,2015,1.094
"Micronesia, Fed. Sts.",FSM,2009,1.093
Cabo Verde,CPV,2012,1.082
Hungary,HUN,2010,1.076
Norway,NOR,2016,1.072
Turks and Caicos Islands,TCA,2013,1.071
United Kingdom,GBR,2011,1.068
Iceland,ISL,2012,1.064
Eswatini,SWZ,2016,1.063
Cuba,CUB,2014,1.048
French Polynesia,PYF,2014,1.046
Luxembourg,LUX,2011,1.044
Norway,NOR,2013,1.034
Fiji,FJI,2008,1.033
Austria,AUT,2015,1.015
Monaco,MCO,2012,1.012
Vanuatu,VUT,2012,1.01
Canada,CAN,2008,1.008
"Iran, Islamic Rep.",IRN,2009,1.007
Cabo Verde,CPV,2015,1.007
Hungary,HUN,2008,1.004
Belarus,BLR,2013,1.003
Albania,ALB,2013,1.002
Canada,CAN,2016,1.001
"Bahamas, The",BHS,2015,0.997
Thailand,THA,2014,0.984
Norway,NOR,2011,0.981
Tunisia,TUN,2015,0.967
Bulgaria,BGR,2014,0.967
Guinea-Bissau,GNB,2014,0.965
Germany,DEU,2008,0.96
Bosnia and Herzegovina,BIH,2011,0.96
France,FRA,2014,0.956
Grenada,GRD,2008,0.948
Dominican Republic,DOM,2009,0.946
Angola,AGO,2015,0.94
Denmark,DNK,2013,0.933
Eswatini,SWZ,2014,0.923
Jamaica,JAM,2015,0.921
Brunei Darussalam,BRN,2012,0.913
Denmark,DNK,2007,0.909
Zimbabwe,ZWE,2016,0.901
"Micronesia, Fed. Sts.",FSM,2016,0.9
Spain,ESP,2008,0.887
Israel,ISR,2009,0.883
Lebanon,LBN,2011,0.867
Greenland,GRL,2009,0.866
Bosnia and Herzegovina,BIH,2010,0.866
Slovenia,SVN,2011,0.861
Angola,AGO,2009,0.86
Poland,POL,2013,0.857
Thailand,THA,2011,0.84
Ireland,IRL,2011,0.834
Guam,GUM,2015,0.826
Tonga,TON,2012,0.823
Eswatini,SWZ,2008,0.822
Turkiye,TUR,2008,0.815
Northern Mariana Islands,MNP,2012,0.811
Tonga,TON,2010,0.803
Kiribati,KIR,2009,0.803
Cabo Verde,CPV,2013,0.803
Comoros,COM,2007,0.8
"Korea, Rep.",KOR,2009,0.793
Portugal,PRT,2014,0.792
Finland,FIN,2008,0.784
Italy,ITA,2015,0.778
Bermuda,BMU,2015,0.776
Grenada,GRD,2011,0.765
Bulgaria,BGR,2012,0.755
Japan,JPN,2016,0.754
Belgium,BEL,2012,0.739
Russian Federation,RUS,2014,0.736
Serbia,SRB,2010,0.731
Guam,GUM,2007,0.717
St. Kitts and Nevis,KNA,2015,0.713
Italy,ITA,2011,0.707
Norway,NOR,2010,0.702
Liberia,LBR,2014,0.701
Jamaica,JAM,2014,0.69
Guyana,GUY,2015,0.688
Austria,AUT,2012,0.68
Dominica,DMA,2010,0.673
Monaco,MCO,2008,0.667
South Africa,ZAF,2016,0.665
Austria,AUT,2014,0.661
Samoa,WSM,2014,0.66
Canada,CAN,2015,0.659
Chad,TCD,2006,0.648
Barbados,BRB,2008,0.64
Slovak Republic,SVK,2013,0.633
Madagascar,MDG,2010,0.619
"Bahamas, The",BHS,2011,0.613
Curacao,CUW,2011,0.613
Cabo Verde,CPV,2014,0.611
St. Kitts and Nevis,KNA,2007,0.601
Virgin Islands (U.S.),VIR,2010,0.596
Kuwait,KWT,2015,0.593
France,FRA,2013,0.576
Ecuador,ECU,2009,0.566
Finland,FIN,2015,0.544
Morocco,MAR,2016,0.521
Jamaica,JAM,2013,0.518
Cuba,CUB,2016,0.514
Brazil,BRA,2014,0.504
Haiti,HTI,2012,0.502
Kuwait,KWT,2014,0.501
Sint Maarten (Dutch part),SXM,2016,0.5
Samoa,WSM,2007,0.486
Guatemala,GTM,2009,0.477
Norway,NOR,2008,0.476
Greece,GRC,2014,0.476
Malta,MLT,2011,0.466
Vanuatu,VUT,2013,0.463
Lebanon,LBN,2015,0.462
Belgium,BEL,2013,0.459
Belgium,BEL,2008,0.447
Guam,GUM,2009,0.439
Germany,DEU,2013,0.438
Nepal,NPL,2016,0.433
Afghanistan,AFG,2011,0.426
Germany,DEU,2012,0.418
Cyprus,CYP,2011,0.417
Equatorial Guinea,GNQ,2014,0.415
St. Vincent and the Grenadines,VCT,2008,0.405
Sint Maarten (Dutch part),SXM,2015,0.4
French Polynesia,PYF,2013,0.393
Uruguay,URY,2015,0.371
Vanuatu,VUT,2015,0.367
Portugal,PRT,2008,0.319
France,FRA,2012,0.313
Tonga,TON,2013,0.312
American Samoa,ASM,2010,0.3
Japan,JPN,2014,0.296
Namibia,NAM,2009,0.296
Curacao,CUW,2015,0.291
Hungary,HUN,2007,0.277
Tonga,TON,2007,0.271
Romania,ROU,2013,0.27
Suriname,SUR,2014,0.256
France,FRA,2008,0.255
"Iran, Islamic Rep.",IRN,2008,0.251
Kenya,KEN,2008,0.232
Denmark,DNK,2012,0.226
Palau,PLW,2010,0.216
Marshall Islands,MHL,2006,0.202
Armenia,ARM,2016,0.2
Belarus,BLR,2009,0.2
Iraq,IRQ,2014,0.197
Russian Federation,RUS,2016,0.194
Guam,GUM,2016,0.182
French Polynesia,PYF,2007,0.171
Spain,ESP,2010,0.163
Brunei Darussalam,BRN,2007,0.155
Ukraine,UKR,2012,0.152
Gabon,GAB,2009,0.13
Singapore,SGP,2009,0.128
United States,USA,2008,0.122
Belize,BLZ,2016,0.113
Samoa,WSM,2013,0.107
Azerbaijan,AZE,2011,0.1
Ecuador,ECU,2015,0.099
Mauritania,MRT,2009,0.098
Cambodia,KHM,2009,0.087
Chad,TCD,2011,0.083
Curacao,CUW,2010,0.082
Central African Republic,CAF,2014,0.081
Guam,GUM,2011,0.078
Ukraine,UKR,2013,0.045
St. Kitts and Nevis,KNA,2010,0.044
Namibia,NAM,2016,0.034
Puerto Rico,PRI,2012,0.029
Austria,AUT,2013,0.026
Japan,JPN,2011,0.024
American Samoa,ASM,2011,0
Tuvalu,TUV,2014,0
Italy,ITA,2014,-0.005
Ireland,IRL,2012,-0.006
Andorra,AND,2011,-0.008
Antigua and Barbuda,ATG,2008,-0.014
Liberia,LBR,2015,-0.019
Aruba,ABW,2014,-0.02
Czechia,CZE,2013,-0.046
Kiribati,KIR,2006,-0.049
Curacao,CUW,2012,-0.066
"Micronesia, Fed. Sts.",FSM,2006,-0.081
Palau,PLW,2016,-0.083
Croatia,HRV,2011,-0.087
Barbados,BRB,2014,-0.087
Kyrgyz Republic,KGZ,2012,-0.088
Belize,BLZ,2011,-0.106
Brazil,BRA,2009,-0.126
Netherlands,NLD,2013,-0.13
New Zealand,NZL,2009,-0.135
Tonga,TON,2006,-0.149
United Kingdom,GBR,2008,-0.154
West Bank and Gaza,PSE,2014,-0.158
Libya,LBY,2008,-0.162
Botswana,BWA,2012,-0.171
"Yemen, Rep.",YEM,2014,-0.189
Greece,GRC,2015,-0.196
St. Lucia,LCA,2012,-0.2
Dominica,DMA,2011,-0.224
Paraguay,PRY,2009,-0.261
Bermuda,BMU,2013,-0.28
Trinidad and Tobago,TTO,2011,-0.294
Papua New Guinea,PNG,2008,-0.296
Luxembourg,LUX,2008,-0.3
Puerto Rico,PRI,2013,-0.307
Marshall Islands,MHL,2011,-0.307
Mauritania,MRT,2008,-0.331
Greece,GRC,2008,-0.335
Moldova,MDA,2015,-0.338
Cayman Islands,CYM,2008,-0.357
Puerto Rico,PRI,2011,-0.359
North Macedonia,MKD,2009,-0.359
Finland,FIN,2014,-0.365
Isle of Man,IMN,2015,-0.386
Brunei Darussalam,BRN,2015,-0.392
Croatia,HRV,2013,-0.398
Palau,PLW,2006,-0.406
Puerto Rico,PRI,2010,-0.413
Virgin Islands (U.S.),VIR,2015,-0.425
Croatia,HRV,2014,-0.429
Barbados,BRB,2012,-0.433
Sweden,SWE,2008,-0.451
Belize,BLZ,2009,-0.452
North Macedonia,MKD,2012,-0.456
Kyrgyz Republic,KGZ,2010,-0.472
Kiribati,KIR,2016,-0.478
Greece,GRC,2016,-0.487
Greenland,GRL,2011,-0.497
San Marino,SMR,2008,-0.501
Grenada,GRD,2010,-0.511
Denmark,DNK,2008,-0.512
St. Kitts and Nevis,KNA,2012,-0.517
Curacao,CUW,2009,-0.531
Samoa,WSM,2009,-0.542
"Gambia, The",GMB,2006,-0.556
Bulgaria,BGR,2013,-0.56
Sweden,SWE,2012,-0.588
Moldova,MDA,2012,-0.59
Burundi,BDI,2016,-0.6
Antigua and Barbuda,ATG,2013,-0.601
St. Vincent and the Grenadines,VCT,2011,-0.606
Jamaica,JAM,2012,-0.614
Bermuda,BMU,2016,-0.657
"Macao SAR, China",MAC,2016,-0.679
Serbia,SRB,2012,-0.682
Barbados,BRB,2011,-0.688
Thailand,THA,2009,-0.691
San Marino,SMR,2014,-0.702
Paraguay,PRY,2012,-0.708
"Congo, Rep.",COG,2013,-0.712
Trinidad and Tobago,TTO,2015,-0.756
San Marino,SMR,2013,-0.784
Czechia,CZE,2012,-0.785
Curacao,CUW,2013,-0.812
Jamaica,JAM,2008,-0.812
Spain,ESP,2011,-0.814
Bosnia and Herzegovina,BIH,2012,-0.822
Mali,MLI,2012,-0.837
Libya,LBY,2015,-0.843
Fiji,FJI,2007,-0.851
"Bahamas, The",BHS,2016,-0.858
Curacao,CUW,2016,-0.873
Costa Rica,CRI,2009,-0.873
Finland,FIN,2013,-0.902
Portugal,PRT,2013,-0.923
Italy,ITA,2008,-0.962
Eritrea,ERI,2006,-0.969
Turks and Caicos Islands,TCA,2012,-0.972
West Bank and Gaza,PSE,2006,-0.997
Dominica,DMA,2013,-1
Argentina,ARG,2012,-1.026
Slovenia,SVN,2013,-1.029
Netherlands,NLD,2012,-1.03
Aruba,ABW,2012,-1.035
Puerto Rico,PRI,2015,-1.049
Dominica,DMA,2012,-1.059
Kiribati,KIR,2014,-1.096
Seychelles,SYC,2009,-1.105
New Zealand,NZL,2008,-1.112
Chile,CHL,2009,-1.118
Marshall Islands,MHL,2014,-1.12
Kiribati,KIR,2010,-1.12
Guinea,GIN,2009,-1.123
Malta,MLT,2009,-1.133
Grenada,GRD,2012,-1.155
Liechtenstein,LIE,2009,-1.157
Puerto Rico,PRI,2007,-1.163
Dominica,DMA,2009,-1.17
Togo,TGO,2007,-1.175
Puerto Rico,PRI,2014,-1.19
Curacao,CUW,2014,-1.201
Croatia,HRV,2010,-1.224
Japan,JPN,2008,-1.224
Ecuador,ECU,2016,-1.226
Hungary,HUN,2012,-1.25
Lesotho,LSO,2009,-1.256
Puerto Rico,PRI,2016,-1.263
Mongolia,MNG,2009,-1.269
Cabo Verde,CPV,2009,-1.27
Marshall Islands,MHL,2012,-1.293
Greenland,GRL,2013,-1.298
St. Lucia,LCA,2015,-1.362
St. Vincent and the Grenadines,VCT,2009,-1.378
Fiji,FJI,2009,-1.386
Finland,FIN,2012,-1.398
Spain,ESP,2013,-1.403
"Gambia, The",GMB,2014,-1.407
Puerto Rico,PRI,2006,-1.409
"Iran, Islamic Rep.",IRN,2015,-1.425
Barbados,BRB,2013,-1.447
Jamaica,JAM,2010,-1.457
"Venezuela, RB",VEN,2010,-1.489
Libya,LBY,2016,-1.491
Malaysia,MYS,2009,-1.514
Belize,BLZ,2008,-1.52
"Iran, Islamic Rep.",IRN,2013,-1.522
South Africa,ZAF,2009,-1.538
Liberia,LBR,2016,-1.555
Serbia,SRB,2014,-1.59
Nigeria,NGA,2016,-1.617
American Samoa,ASM,2016,-1.679
Portugal,PRT,2011,-1.696
Guinea-Bissau,GNB,2012,-1.713
Norway,NOR,2009,-1.727
Brunei Darussalam,BRN,2009,-1.765
Virgin Islands (U.S.),VIR,2014,-1.775
Cyprus,CYP,2014,-1.776
"Micronesia, Fed. Sts.",FSM,2007,-1.836
Italy,ITA,2013,-1.841
Puerto Rico,PRI,2008,-1.844
Bermuda,BMU,2008,-1.866
"Micronesia, Fed. Sts.",FSM,2012,-1.867
Brunei Darussalam,BRN,2008,-1.94
Puerto Rico,PRI,2009,-1.952
Antigua and Barbuda,ATG,2011,-1.959
French Polynesia,PYF,2006,-1.967
Mauritania,MRT,2007,-1.969
Russian Federation,RUS,2015,-1.973
Andorra,AND,2010,-1.975
Cyprus,CYP,2009,-2.015
Belgium,BEL,2009,-2.021
Tunisia,TUN,2011,-2.047
"Macao SAR, China",MAC,2014,-2.048
Saudi Arabia,SAU,2009,-2.059
Argentina,ARG,2016,-2.08
El Salvador,SLV,2009,-2.086
Kiribati,KIR,2008,-2.091
Brunei Darussalam,BRN,2013,-2.126
Tuvalu,TUV,2012,-2.128
Seychelles,SYC,2008,-2.147
Tuvalu,TUV,2010,-2.222
French Polynesia,PYF,2012,-2.263
Switzerland,CHE,2009,-2.297
"Micronesia, Fed. Sts.",FSM,2014,-2.306
"Bahamas, The",BHS,2008,-2.324
Croatia,HRV,2012,-2.332
Barbados,BRB,2010,-2.365
Kuwait,KWT,2010,-2.37
"Micronesia, Fed. Sts.",FSM,2008,-2.408
Honduras,HND,2009,-2.432
"Hong Kong SAR, China",HKG,2009,-2.459
Brunei Darussalam,BRN,2016,-2.478
American Samoa,ASM,2013,-2.5
Bermuda,BMU,2010,-2.503
Brunei Darussalam,BRN,2014,-2.508
Argentina,ARG,2014,-2.513
Greece,GRC,2013,-2.516
Belarus,BLR,2016,-2.526
Greenland,GRL,2015,-2.529
Angola,AGO,2016,-2.58
United States,USA,2009,-2.6
Slovenia,SVN,2012,-2.639
American Samoa,ASM,2008,-2.657
Cayman Islands,CYM,2010,-2.716
Montenegro,MNE,2012,-2.724
Dominica,DMA,2015,-2.732
Serbia,SRB,2009,-2.732
Aruba,ABW,2010,-2.733
Sudan,SDN,2009,-2.768
Gabon,GAB,2006,-2.807
St. Lucia,LCA,2009,-2.829
Iceland,ISL,2010,-2.833
"Bahamas, The",BHS,2013,-2.863
France,FRA,2009,-2.873
Canada,CAN,2009,-2.928
Spain,ESP,2012,-2.959
Italy,ITA,2012,-2.981
Bosnia and Herzegovina,BIH,2009,-3.004
Azerbaijan,AZE,2016,-3.1
Portugal,PRT,2009,-3.122
St. Lucia,LCA,2013,-3.174
"Venezuela, RB",VEN,2009,-3.202
Sudan,SDN,2011,-3.214
Luxembourg,LUX,2009,-3.239
Latvia,LVA,2008,-3.249
Brazil,BRA,2016,-3.276
Nicaragua,NIC,2009,-3.293
Gabon,GAB,2008,-3.308
Bulgaria,BGR,2009,-3.347
St. Kitts and Nevis,KNA,2009,-3.379
Palau,PLW,2013,-3.387
Suriname,SUR,2015,-3.411
Cyprus,CYP,2012,-3.447
Zimbabwe,ZWE,2006,-3.461
French Polynesia,PYF,2009,-3.479
Brazil,BRA,2015,-3.546
Andorra,AND,2013,-3.548
"Congo, Rep.",COG,2015,-3.551
Georgia,GEO,2009,-3.651
Guam,GUM,2006,-3.653
Zimbabwe,ZWE,2007,-3.653
Netherlands,NLD,2009,-3.667
French Polynesia,PYF,2008,-3.678
"Micronesia, Fed. Sts.",FSM,2013,-3.68
Bermuda,BMU,2014,-3.701
Samoa,WSM,2012,-3.732
Bermuda,BMU,2011,-3.743
"Iran, Islamic Rep.",IRN,2012,-3.747
Spain,ESP,2009,-3.763
Austria,AUT,2009,-3.765
Belarus,BLR,2015,-3.83
"Venezuela, RB",VEN,2014,-3.894
Burundi,BDI,2015,-3.9
Romania,ROU,2010,-3.901
Madagascar,MDG,2009,-3.979
Grenada,GRD,2006,-3.995
Portugal,PRT,2012,-4.057
American Samoa,ASM,2006,-4.098
Timor-Leste,TLS,2006,-4.119
Equatorial Guinea,GNQ,2013,-4.133
American Samoa,ASM,2009,-4.167
"Bahamas, The",BHS,2009,-4.176
Syrian Arab Republic,SYR,2015,-4.18
Greece,GRC,2009,-4.301
American Samoa,ASM,2012,-4.335
Sweden,SWE,2009,-4.34
Jamaica,JAM,2009,-4.345
Trinidad and Tobago,TTO,2009,-4.392
Libya,LBY,2009,-4.4
Latvia,LVA,2010,-4.456
St. Vincent and the Grenadines,VCT,2010,-4.47
Ireland,IRL,2008,-4.484
United Kingdom,GBR,2009,-4.51
South Sudan,SSD,2011,-4.64
Czechia,CZE,2009,-4.657
French Polynesia,PYF,2010,-4.719
Turkiye,TUR,2009,-4.823
Botswana,BWA,2015,-4.851
Denmark,DNK,2009,-4.907
Suriname,SUR,2016,-4.916
Andorra,AND,2012,-4.974
Barbados,BRB,2009,-5.018
Ireland,IRL,2009,-5.096
Estonia,EST,2008,-5.132
Tonga,TON,2009,-5.199
United Arab Emirates,ARE,2009,-5.243
Italy,ITA,2009,-5.281
Mexico,MEX,2009,-5.286
Andorra,AND,2009,-5.303
Bermuda,BMU,2012,-5.305
Cote d'Ivoire,CIV,2011,-5.37
French Polynesia,PYF,2011,-5.388
Slovak Republic,SVK,2009,-5.456
San Marino,SMR,2010,-5.474
Greece,GRC,2010,-5.478
Romania,ROU,2009,-5.517
Andorra,AND,2008,-5.559
Bermuda,BMU,2009,-5.627
Haiti,HTI,2010,-5.652
Japan,JPN,2009,-5.693
Germany,DEU,2009,-5.694
Palau,PLW,2008,-5.782
Montenegro,MNE,2009,-5.795
Argentina,ARG,2009,-5.919
Moldova,MDA,2009,-6
Tuvalu,TUV,2009,-6.25
Chad,TCD,2016,-6.256
Virgin Islands (U.S.),VIR,2013,-6.285
Syrian Arab Republic,SYR,2016,-6.406
Cyprus,CYP,2013,-6.587
Palau,PLW,2009,-6.59
Virgin Islands (U.S.),VIR,2009,-6.595
Hungary,HUN,2009,-6.598
Grenada,GRD,2009,-6.613
"Congo, Rep.",COG,2007,-6.614
Northern Mariana Islands,MNP,2007,-6.684
Trinidad and Tobago,TTO,2016,-6.764
Northern Mariana Islands,MNP,2006,-6.871
San Marino,SMR,2012,-7.045
Kuwait,KWT,2009,-7.076
Greece,GRC,2012,-7.087
Croatia,HRV,2009,-7.193
Cayman Islands,CYM,2009,-7.2
Maldives,MDV,2009,-7.229
Northern Mariana Islands,MNP,2011,-7.384
Slovenia,SVN,2009,-7.548
Marshall Islands,MHL,2008,-7.646
Iceland,ISL,2009,-7.664
Russian Federation,RUS,2009,-7.8
Antigua and Barbuda,ATG,2010,-7.841
Finland,FIN,2009,-8.074
"Gambia, The",GMB,2011,-8.13
Virgin Islands (U.S.),VIR,2011,-8.204
San Marino,SMR,2011,-8.315
Equatorial Guinea,GNQ,2016,-8.816
Equatorial Guinea,GNQ,2010,-8.924
Equatorial Guinea,GNQ,2015,-9.11
"Yemen, Rep.",YEM,2016,-9.375
Ukraine,UKR,2015,-9.773
Eritrea,ERI,2008,-9.783
Ukraine,UKR,2014,-10.079
Greece,GRC,2011,-10.149
Syrian Arab Republic,SYR,2014,-10.31
San Marino,SMR,2009,-10.321
"Congo, Rep.",COG,2016,-10.783
South Sudan,SSD,2015,-10.793
Northern Mariana Islands,MNP,2008,-11.07
Monaco,MCO,2009,-11.3
Aruba,ABW,2009,-11.684
Antigua and Barbuda,ATG,2009,-11.963
"Yemen, Rep.",YEM,2011,-12.715
Armenia,ARM,2009,-14.1
Botswana,BWA,2009,-14.144
Latvia,LVA,2009,-14.26
Estonia,EST,2009,-14.629
Virgin Islands (U.S.),VIR,2012,-14.813
Lithuania,LTU,2009,-14.839
Ukraine,UKR,2009,-15.136
Sudan,SDN,2012,-17.005
Northern Mariana Islands,MNP,2009,-17.573
Zimbabwe,ZWE,2008,-17.669
Libya,LBY,2013,-17.998
Sierra Leone,SLE,2015,-20.599
"Macao SAR, China",MAC,2015,-21.514
Nauru,NRU,2007,-22.857
Libya,LBY,2014,-23.043
Syrian Arab Republic,SYR,2013,-26.3
Syrian Arab Republic,SYR,2012,-26.339
"Yemen, Rep.",YEM,2015,-27.995
Central African Republic,CAF,2013,-36.392
South Sudan,SSD,2012,-46.082
Libya,LBY,2011,-50.339
